district_code,district,fiscal_year,gf_revenue,gf_expenditure,gf_total_fund_balance,gf_unassigned,gf_assigned,cash_and_investments,solvency_ratio_pct,operating_margin_pct,salaries_benefits,salary_benefit_pct_gf,go_debt_outstanding,save_rev_bonds,findings_count,material_weakness,significant_deficiency,repeat_finding,single_audit_findings,gfoa_cert,auditor,report_date,opinion_type,confidence,notes,district_name_display,gf_assigned_plus_unassigned_sbrc,cash_reserve_levy_amount,max_cash_reserve_levy_capacity,sbrc_20pct_cap,unspent_authorized_budget,certified_enrollment,management_fund_balance,ppel_fund_balance,save_fund_balance,total_governmental_fund_balance,gf_assigned_plus_unassigned_aud,flag_audit_concern,conservative_reserve_ratio,practical_cushion_ratio,broad_cushion_ratio,operating_adjacent_ratio,conservative_days_cushion,practical_days_cushion,operating_adjacent_days_cushion,gf_cash_days,crl_reliance,crl_capacity_used_pct,crl_levy_headroom,uab_cushion,operating_result_pct,operating_result_3yr_avg,fb_drawdown_years,enrollment_3yr_trend,practical_days_cushion_pctile,uab_cushion_pctile,crl_reliance_pctile,flag_low_unrestricted,flag_negative_operating,flag_multiyear_drawdown,flag_weak_uab,flag_declining_enrollment,flag_high_crl_reliance,flag_limited_levy_headroom,flag_special_ed_pressure,flag_short_term_borrowing,risk_flag_count,cushion_band,risk_class,risk_rationale
261,Ankeny CSD,2020,137102479,135892411,19620391,12052028,,92276855,9.15,0.88,107879785.0,79.39,71090000.0,71525000,2.0,N,N,Y,no single audit findings,Y,Bohnsack & Frommelt LLP,2020-10-29,unmodified,High,No assigned fund balance line in GF - only committed (3576800) and unassigned; solvency denominator = gf_revenue - aea_flowthrough. Capital additions = sum of govt capital asset Increases (21549437 not-depreciated + 2150887 depreciated). OPEB = governmental activities net OPEB liability.,Ankeny CSD,12111679.0,12634634.0,15071864.0,27183543.0,29060490.0,11977.0,7653184.27,4704105.73,36438160.57,80874264.3,12052028.0,False,0.08868801363749444,0.08868801363749444,0.1443818006878986,0.14500598028244566,32.37112497768547,32.37112497768547,52.92718280309266,247.85086839764733,0.09297527291645448,0.838292728756045,2437230.0,0.21384924872662683,0.008826011089121153,,0,,0.13333333333333333,0.8,0.9333333333333333,False,False,False,False,False,True,False,False,False,1,Moderate,Moderate risk,32-day practical cushion; 1 risk flag(s)
261,Ankeny CSD,2021,146552936,143576563,23381691,17570627,,82716956,12.48,2.03,115313719.0,80.32,61400000.0,64230000,1.0,N,N,Y,no single audit findings,Y,Bohnsack & Frommelt LLP,2022-01-19,unmodified,High,No assigned fund balance line - only committed (1508700) and unassigned. Report date Jan 19 2022 (delayed beyond typical Oct-Nov window). Capital additions include large CIP completions (19128835 not-depreciated + 30664833 depreciated). OPEB = governmental activities net OPEB liability.,Ankeny CSD,17721958.0,11017643.0,11017643.0,28739601.0,29038722.0,12255.8,7415768.95,8567263.81,21350381.05,71002772.0,17570627.0,False,0.12237810010816319,0.12237810010816319,0.1628517253195426,0.17402837502106802,44.66800653947956,44.66800653947956,63.520356882689825,210.28285055131178,0.0767370577048846,1.0,0.0,0.20225252223094378,0.020309200765517246,0.0145676059273192,0,,0.26666666666666666,0.6,0.8,False,False,False,False,False,True,True,False,False,2,Moderate,Moderate risk,45-day practical cushion; 2 risk flag(s)
261,Ankeny CSD,2022,148794966,148182929,24874180,16701092,,115613200,11.68,0.41,118078126.0,79.68,53465000.0,85655000,3.0,N,N,Y,no single audit findings,Y,Bohnsack & Frommelt LLP,2022-11-15,unmodified,High,No assigned fund balance - only committed (4354700) and unassigned. NPL dropped from 71.4M to 1.3M due to exceptional IPERS investment returns at 6/30/2021 measurement date. No GASB 87 lease obligations per note. GASB 96 (SBITA) not yet adopted. 3 findings: IV-A-22 budget exceeded; IV-H-22 enrollment variances; IV-I-22 supp weighting variances.,Ankeny CSD,16727252.0,11047397.0,12945280.0,29672532.0,27668299.0,12147.4,6975856.51,9259233.55,43234645.4,95384881.6,16701092.0,False,0.11270591094875712,0.11270591094875712,0.16786130607527672,0.1597818903282712,41.13765749629635,41.13765749629635,58.32038996981899,284.77516462102056,0.07455242702079401,0.8533918926434964,1897883.0,0.1867171825170226,0.004113291037009948,0.011082834297216114,0,,0.2,0.6,0.8,False,False,False,False,False,True,False,False,False,1,Moderate,Moderate risk,41-day practical cushion; 1 risk flag(s)
261,Ankeny CSD,2023,157168326,157531067,25010019,13508869,421574.0,95401273,9.23,-0.23,120234578.0,76.32,41065000.0,77255000,2.0,N,N,Y,no single audit findings,Y,Bohnsack & Frommelt LLP,2023-11-13,unmodified,High,First year with Assigned fund balance (421574). GASB 96 SBITA adopted - IT subscription obligation 401892. Capital additions (71659474) include SBITA right-to-use assets and large building completions. 2 findings: IV-G-23 board minutes not timely published; IV-H-23 enrollment variances. OPEB = governmental activities net OPEB liability.,Ankeny CSD,13981263.0,9140666.0,17488477.0,31469740.0,24198039.0,12512.2,6831277.89,9442658.26,23850409.72,75889938.18,13930443.0,False,0.08575368184359469,0.08842981429180569,0.15876245540824022,0.1317944535346796,31.30009387291206,32.27688221650907,48.10497554015806,221.04506309856964,0.058024529218734994,0.5226679258576947,8347811.0,0.15360804354864174,-0.0023079777537364623,0.007371504682930244,0,0.04468564749102452,0.2,0.4666666666666667,0.8,False,True,False,False,False,True,False,False,False,2,Moderate,Moderate risk,32-day practical cushion; 2 risk flag(s)
261,Ankeny CSD,2024,164304090,164885632,24877844,17012685,421574.0,81820157,11.05,-0.35,125600305.0,76.17,28900000.0,68460000,4.0,N,N,Y,no single audit findings,Y,Bohnsack & Frommelt LLP,2024-12-05,unmodified,High,No GASB 87 lease obligations. SBITA obligation 588503. Depreciation 13130726 includes amortization of right-to-use IT subscription. Capital additions include land purchase (2296108). 4 findings: IV-G-24 board minutes; IV-H-24 enrollment; IV-I-24 supp weighting; IV-N-24 competitive quotes not obtained (~72K warehouse roof project).,Ankeny CSD,16833353.0,10750000.0,15968192.0,32801545.0,21941093.0,12671.4,,,,27723705.8,17434259.0,False,0.10317869903910123,0.10573546517382425,0.1508793925719374,,37.66022514927195,38.59344478844585,,181.12164742771523,0.06519670555649143,0.6732133481360946,5218192.0,0.133068556270567,-0.003539424977187117,-0.0005780372313045438,1,0.03391047504038907,0.21428571428571427,0.2857142857142857,0.7142857142857143,False,True,False,False,False,False,False,False,False,1,Moderate,Moderate risk,39-day practical cushion; 1 risk flag(s)
261,Ankeny CSD,2025,173604694,167605001,31111172,22144084,421574.0,95549219,13.38,3.46,128984701.0,76.96,15930000.0,59365000,6.0,N,Y,Y,no federal single audit findings section in available extracted text; format changed from prior years,Y,Bohnsack & Frommelt LLP,2025-11-24,unmodified,High,First year with significant deficiency (2025-001: enterprise fund revenue not reconciled - meal POS and child care). Certified enrollment 12753.83 from statistical section; MD&A notes 12679.52 adjusted count. 6 findings: 2025-001 sig deficiency; II-A-25 budget exceeded; II-D-25 business transactions with employees ~120K; II-G-25 board minutes; II-H-25 enrollment; II-I-25 supp weighting. OPEB = governmental activities net OPEB.,,,,,,,,,,,,22565658.0,False,0.13212066386968965,0.13463594681163482,0.18562197914368916,,48.22404231243672,49.14212058624671,,208.08129069489996,,,,,0.034559509087928236,0.009570702119001552,0,,0.5714285714285714,,,False,False,False,False,False,False,False,False,False,0,Low,Low risk,49-day practical cushion; 0 risk flag(s)
882,Burlington CSD,2020,49204606,49365102,13373846,11752831,214614.0,35777836,25.34,-0.33,,,0.0,20240000,0.0,N,N,N,none - low-risk auditee,N,Nolte Cornman & Johnson P.C.,2021-03-15,unmodified,High,GF revenue/expenditure from Exhibit E (SOFRECFB). Enrollment 3913 = October 2020 count per MD&A (used for FY2021 funding; FY2020 actual October 2019 count not stated; 3913 reported as current at report date). Salaries+benefits not broken out by object in GF. Revenue bonds are SAVE bonds not GO. Part IV statutory findings: IV-H enrollment overstated 0.14; IV-I supplementary weighting understated 0.114; IV-N board policies not reviewed — these are Part IV statutory items not counted in findings_count (Parts II+III only). Cash = governmental activities SNP.,Burlington CSD,11967445.0,0.0,0.0,9873020.0,23320736.0,4137.4,2326638.61,1341578.19,6855306.17,29080159.5,11967445.0,False,0.23807974710555646,0.24242723128577756,0.2709170133994659,0.289558474122063,86.89910769352811,88.4859394193088,105.68884305455299,264.53728668483257,0.0,,0.0,0.4724134065397049,-0.0032618084575252973,,0,,1.0,0.9333333333333333,0.1,False,True,False,False,False,False,False,False,False,1,Very low,Low risk,88-day practical cushion; 1 risk flag(s)
882,Burlington CSD,2021,51880845,51073126,14133884,12410155,203863.0,38896016,25.28,1.56,,,0.0,18270000,0.0,N,N,N,none - low-risk auditee,N,Nolte Cornman & Johnson P.C.,2022-03-24,unmodified,High,MD&A boilerplate repeats 3913 enrollment from FY2020; no new enrollment number stated for FY2021. Fund balance beginning restated by $38394 for GASB 87 lease implementation in FY2022 (so FY2021 ending = beginning FY2022 as restated = $14172278). Revenue bond balance per SNP = $18270000 (non-current). No Part IV exceptions noted (no enrollment error no supplementary weighting error). Salaries+benefits not broken out by object. Capital additions = govtl increases.,Burlington CSD,12614018.0,0.0,0.0,10248707.0,24560543.0,4085.6,3399858.5,1497179.45,7855395.05,32032771.65,12614018.0,False,0.24298796592164731,0.24697955633262,0.2767381812501549,0.3135479997836827,88.69060756140127,90.14753806140631,114.44501992104418,277.9748754756073,0.0,,0.0,0.48088975403620293,0.01556873254473785,0.006153462043606277,0,,0.9333333333333333,0.9333333333333333,0.13333333333333333,False,False,False,False,False,False,False,False,False,0,Very low,Low risk,90-day practical cushion; 0 risk flag(s)
882,Burlington CSD,2022,54609316,53080927,15291087,13655354,230351.0,32368614,26.39,2.80,,,0.0,7620000,0.0,N,N,N,none - low-risk auditee,N,Nolte Cornman & Johnson P.C.,2023-04-03,unmodified,Medium,Enrollment: October 2021 increased by 3.7 from ~3913 = ~3917 but exact number not stated; left blank. GASB 87 implemented; beginning fund balance restated +$34119. Revenue bond balance $7620000 (total: $330000 current + $7290000 non-current). Depreciation includes amortization of right-to-use lease asset. IPERS NPL dramatically reduced ($484394 total) due to IPERS strong investment returns (June 30 2021 measurement date). Part IV: IV-I supplementary weighting overstated 0.105. Capital additions = CIP increases + depreciable increases.,Burlington CSD,13837757.0,0.0,0.0,10746608.0,25659924.0,3913.1,4138438.91,1492974.78,3727742.53,26440054.31,13885705.0,False,0.25725537913081287,0.2615949981431183,0.28807121247147777,0.339559704938838,93.89821338274669,95.48217432223818,123.93929230267588,222.57606974346925,0.0,,0.0,0.4834113767455493,0.02798769719071376,0.013431540425975436,0,,0.9333333333333333,0.9333333333333333,0.16666666666666666,False,False,False,False,False,False,False,False,False,0,Very low,Low risk,95-day practical cushion; 0 risk flag(s)
882,Burlington CSD,2023,58031345,53765906,14955075,13507672,238500.0,73408036,24.52,7.35,,,0.0,43655000,1.0,N,Y,N,none - not low-risk auditee,N,Nolte Cornman & Johnson P.C.,2024-03-12,unmodified,High,Enrollment: October 2022 decreased by 56.6 from ~3917 = ~3860 but exact number not stated; left blank. Revenue bonds $43655000 (large increase from new bonds issued in FY2023 for high school renovations). Lease liability $526611 ($176888 current + $349723 non-current). Finding 2023-001 in Part II: Internal Control Deficiency - negative lunch account balances in School Nutrition Fund (enterprise fund). Classified as significant deficiency (Part I omits the usual no-sig-def statement). Part IV: IV-H enrollment overstated 2.00; IV-I supp weighting overstated 0.142; IV-N student activity fund inactive accounts and scholarship handling. CIP surged from $1.8M to $9.7M (high school air quality and renovation project underway).,Burlington CSD,13745391.0,0.0,0.0,11704940.0,26063873.0,3916.8,4723208.68,1403119.78,40281886.01,66506133.66,13746172.0,False,0.25123117984843407,0.2556670764554772,0.27815164130220366,0.3435147299480083,91.69938064467844,93.31848290624917,125.38287643102304,498.3443065201952,0.0,,0.0,0.4847658105119627,0.073502328784556,0.03901958617333587,1,-0.053318509208681655,0.9333333333333333,1.0,0.13333333333333333,False,False,False,False,True,False,False,False,False,1,Very low,Low risk,93-day practical cushion; 1 risk flag(s)
882,Burlington CSD,2024,52605503,54871021,9739831,8571515,249146.0,57278196,17.41,-4.31,,,0.0,42080000,0.0,N,N,N,none - not low-risk auditee,N,Nolte Cornman & Johnson P.C.,2025-03-13,unmodified,High,Enrollment not explicitly stated for FY2024 (MD&A cites October 2024 = subsequent year); left blank. Revenue bonds $42080000. Lease liability $349723. No Parts II/III findings. Part IV: IV-H enrollment understated 0.50; IV-N student activity fund inactive accounts (repeat of 2023-N). Federal Covid funds depleted this year causing revenue drop. CIP $31.96M (high school project ongoing). Solvency dropped sharply as GF unassigned fell by $5M.,Burlington CSD,8819916.0,2778904.0,2778904.0,11598820.0,23999223.0,3860.2,,,,10039496.75,8820661.0,False,0.15621205590470058,0.16075263115661725,0.17750409637903403,,57.01740040521571,58.6747103721653,,381.01243897029,0.05064429182026702,1.0,0.0,0.43737518571050465,-0.04306617883684146,0.01947461571280943,2,-0.05516937536714316,0.6428571428571429,0.9285714285714286,0.5,False,True,True,False,True,False,True,False,False,4,Low,Moderate risk,59-day practical cushion; 4 risk flag(s)
882,Burlington CSD,2025,51101614,56049281,4834714,3921837,231114.0,42917040,8.4,-9.68,,,0.0,40335000,0.0,N,N,N,none - low-risk auditee,N,Nolte Cornman & Johnson P.C.,2026-02-26,unmodified,High,Enrollment not stated for FY2025 (MD&A cites October 2025 = subsequent year); left blank. OPEB liability fully eliminated per ICHRA implementation (retirees removed from District plan). Revenue bonds $40335000. Lease liability $531297 ($121204 current + $410093 non-current). AEA flowthrough decreased to $1649345 (Iowa AEA restructuring effective July 1 2024). GF fund balance down 50% from FY2024; solvency at lowest point in series. Capital additions $13.7M (high school project $41M CIP at year-end).,,,,,,,,,,,,4152951.0,False,0.06997122764161774,0.07409463468407382,0.08625826975371906,,25.539498089190477,27.044541659686942,,279.4811872787449,,,,,-0.09682017088540491,-0.02212800697923013,3,,0.2857142857142857,,,False,True,True,False,False,False,False,False,False,2,Moderate,Moderate risk,27-day practical cushion; 2 risk flag(s)
1053,Cedar Rapids CSD,2020,212205298,218169217,28580741,25003962,0.0,128940927,12.24,-2.81,176411513.0,80.86,2200000.0,106780461,4.0,N,N,Y,No single-audit findings (internal-control and compliance sections II and III both no matters reported). IV-G enrolled variances; IV-I deposits and investments (2 sub-findings); IV-M Daycare deficit (all statutory),Y,RSM US LLP,2021-01-18,unmodified,High,"Statutory IV findings: IV-G enrollment variances; IV-I deposits excess + investment rate sub-compliance (counted as 2); IV-M daycare deficit due to IPERS NPL. Daycare deficit finding repeats from prior year (2019). GF Assigned = 0 (the $2.05M shown in statistics is in SAVE fund). Capital additions = govtl only (14215 CIP + 2909846 depreciated) but note: net change in CIP was retirements/transfers; additions to depreciable assets = 2,909,846 + CIP additions 14,215 = 2,924,061. GF total fund balance includes nonspendable 976904 + restricted 2461725 + committed 138150 + assigned 0 + unassigned 25003962 = 28580741.",Cedar Rapids CSD,24096002.0,14010000.0,19703413.0,43799415.0,18033219.0,16963.2,7405256.22,11978377.02,36448510.24,98766604.84,25003962.0,False,0.11460811173924688,0.11460811173924688,0.13100262902809062,0.1485508297900707,41.831960784825114,41.831960784825114,54.221052873375804,215.71988478557907,0.06421620883389796,0.7110443251633612,5693413.0,0.08265702764107184,-0.028104477391511687,,0,,0.4,0.3333333333333333,0.6,False,True,False,False,False,False,False,False,False,1,Moderate,Moderate risk,42-day practical cushion; 1 risk flag(s)
1053,Cedar Rapids CSD,2021,224042625,221810281,33565350,30805268,0.0,129670361,14.26,1.00,178458675.0,80.46,0.0,108951461,2.0,N,N,Y,No federal single-audit findings (sections II and III no matters). IV-H enrollment variances (statutory); IV-N Daycare deficit (statutory - repeat from FY2020),Y,RSM US LLP,2022-01-14,unmodified,High,Enrollment variances finding (IV-H) and Daycare deficit finding (IV-N) are statutory Iowa findings counted. Daycare deficit repeat from FY2020. Capital additions govtl: CIP 20926476 + depreciable 2531077 = 23457553. SAVE revenue = statewide sales services and use tax receipt only (16827764 from statutory schedule). Large IPERS NPL increase ($19.9M addition) due to actuarial changes. GObonds fully retired in FY2021.,Cedar Rapids CSD,30508803.0,14050474.0,14050474.0,44559277.0,25628938.0,16851.5,7836833.34,14085890.66,36283011.17,106129511.08,30805268.0,False,0.1388811549271695,0.1388811549271695,0.15132459076592578,0.17421239973993813,50.69162154841686,50.69162154841686,63.58752590507742,213.37911638550244,0.06334455705414305,1.0,0.0,0.11554440977422503,0.00996392539142942,-0.009070276000041132,0,,0.4,0.26666666666666666,0.7333333333333333,False,False,False,False,False,False,True,False,False,1,Low,Low risk,51-day practical cushion; 1 risk flag(s)
1053,Cedar Rapids CSD,2022,232730672,228523828,37865195,28087999,0.0,116058725,12.5,1.81,180332506.0,78.91,0.0,100639461,1.0,N,N,N,No federal single-audit findings (sections II and III all no matters; section I shows x-No for all). IV-H enrollment variances only substantive statutory finding,Y,RSM US LLP,2022-12-07,unmodified,High,GASB 87 lease liability implemented (restated opening balance; equipment leases 2428708 beginning). Capital additions govtl: CIP 20981120 + depreciable 22177102 = 43158222 (note: land 298283 also added; total additions = 21279403+22177102=43456505). IPERS NPL dropped dramatically from 123.5M to 2.4M due to actuarial gain - large pension asset recognized. No daycare deficit finding this year (Daycare returned to positive). GF Assigned = 0 (SAVE assigned 2052460 in SAVE fund not GF). Cybersecurity incident noted July 2022 (post-period).,Cedar Rapids CSD,35754139.0,10053991.0,10053991.0,45808130.0,30603755.0,16236.8,9506985.05,11479475.43,19030563.71,95066217.34,28087999.0,False,0.12291059206307361,0.12291059206307361,0.16569473446768973,0.1645123153196961,44.86236610302187,44.86236610302187,60.04699509168908,185.36988022535664,0.04399537277136807,1.0,0.0,0.13391931715759636,0.018076018789650553,-2.1511070143904094e-05,0,,0.3333333333333333,0.3333333333333333,0.7333333333333333,False,False,False,False,False,False,True,False,False,1,Moderate,Moderate risk,45-day practical cushion; 1 risk flag(s)
1053,Cedar Rapids CSD,2023,235412324,229342377,42865536,38324951,0.0,137636852,16.85,2.58,178817627.0,77.97,0.0,102251461,2.0,N,Y,N,No federal single-audit findings (sections II and III: II has finding 2023-001 for GFS only). Finding 2023-001 = significant deficiency re prepaid expenditure recording,Y,RSM US LLP,2024-01-25,unmodified,High,Finding 2023-001 (significant deficiency - inadequate controls over prepaid expenditures) in financial statement section; not a federal finding. Uncorrected misstatements of $1.5M GF and $291K SAVE deemed immaterial. Enrollment dropped sharply to 14652 (certified) from 16086 - large decline. Capital additions govtl: CIP 6144328 + depreciable 26682926 = 32827254. IPERS NPL surged back to $67.1M due to actuarial losses. Lease (GASB 87) remaining 1343651. GF Assigned = 0.,Cedar Rapids CSD,37274963.0,8231439.0,9491439.0,46766402.0,30864604.0,16086.2,12028925.76,11318871.81,28366556.01,110838419.99,38324951.0,False,0.16710802208176292,0.16710802208176292,0.18690630384457907,0.2195576649142343,60.994428059843464,60.994428059843464,80.13854769369553,219.05001438090093,0.03589148725008636,0.8672487912528332,1260000.0,0.1345787220126353,0.02578432130001826,0.017941421827032743,0,-0.05170015091492171,0.4,0.3333333333333333,0.7333333333333333,False,False,False,False,True,False,False,False,False,1,Low,Low risk,61-day practical cushion; 1 risk flag(s)
1053,Cedar Rapids CSD,2024,234484377,233188518,45599724,39377259,0.0,153691640,17.39,0.55,181975493.0,78.04,0.0,112796461,2.0,N,N,Y,Federal finding 2024-001: Title I special tests noncompliance - District did not maintain written documentation for student cohort removals (23 of 25 sampled). Not a repeat.,Y,RSM US LLP,2025-01-29,unmodified,High,Finding 2024-001 is a federal compliance finding (noncompliance - special tests) not an internal-control finding. Prior year 2023-001 corrected (noted in summary schedule). Capital additions govtl: CIP 22417734 + depreciable 5483392 + land 82750 = 27983876. Depreciation unusually high (23.6M) includes catch-up/accelerated on buildings. IPERS NPL slightly up (68.2M). GF fund balance continues rising - 45.6M. Enrollment 16139 (stat section). GF Assigned = 0.,Cedar Rapids CSD,39377269.0,7417675.0,7417675.0,46794944.0,36384886.0,15959.3,,,,47703846.68,39377259.0,False,0.16886448500007192,0.16886448500007192,0.19554875339102246,,61.63553702502625,61.63553702502625,,240.566941636466,0.03180977804404589,1.0,0.0,0.1560320650093072,0.005526419357141222,0.01646225314893668,0,-0.052944841705486204,0.7857142857142857,0.42857142857142855,0.35714285714285715,False,False,False,False,True,False,True,False,False,2,Low,Low risk,62-day practical cushion; 2 risk flag(s)
1053,Cedar Rapids CSD,2025,229926776,240345218,36118041,30777057,0.0,159466357,13.8,-4.53,188859178.0,78.58,0.0,117941461,,,,,N/A - separately issued,Y,RSM US LLP,2025-12-19,unmodified,Medium,2025 ACFR issued under GAAS only (not Government Auditing Standards); single-audit compliance report issued separately and not included in this file. Findings count and material-weakness/significant-deficiency classifications cannot be confirmed from this file (left blank). Capital additions govtl: CIP 11175621 + depreciable 34896133 + land 7495697 = 53567451. OPEB liability decreased substantially (22.5M to 15.9M) due to actuarial gains. IPERS NPL decreased to 53.0M. GF deficit for year (revenues 229.9M vs expenditures 240.3M = -10.4M swing). Enrollment 16120. GASB 101 Compensated Absences adopted July 1 2024 (restatement). AEA flowthrough dropped from 8.0M to 6.8M (-14.5%). No SBRC/spending-authority reduction language found in any of the six files.,,,,,,,,,,,,30777057.0,False,0.12805354421488843,0.12805354421488843,0.1502756797100078,,46.73954363843428,46.73954363843428,,242.17340702405818,,,,,-0.04531199967767129,-0.0046670863401706035,1,,0.5,,,False,True,False,False,False,False,False,False,False,1,Low,Low risk,47-day practical cushion; 1 risk flag(s)
1337,College CSD (Prairie),2020,63987865,63091052,10926398,10373174,111885.0,50062588,17.02,1.40,,,111995000.0,14336000,0.0,N,N,N,No findings (Part III none; single audit unmodified),N,CliftonLarsonAllen LLP (Cedar Rapids IA),2021-01-04,unmodified,High,"Enrollment is Oct 2019 count per MD&A (FY2020 school year; ""will increase funding for the 2020-21 school year"" per text - used as the in-year certified count). Capital additions = $20902104 non-depreciable increases + $760204 depreciable increases. Cash = governmental $48474918 + BTA $1587670. IPERS NPL and OPEB are governmental-activities figures. Part IV only: IV-A budget exceeded in other-expenditures function + IV-M proprietary-fund deficit; neither in Parts II-III so findings_count=0. No GFOA cert mentioned anywhere in document.",College Community CSD (Prairie),10485058.0,2127205.0,2127205.0,12612263.0,8293547.0,5139.6,1794776.32,1684674.1,2516908.28,48456779.68,10485059.0,False,0.16441593017025616,0.16618931952505722,0.1731845904233773,0.19463671837331228,60.011814512143495,60.659101626645885,71.04240220625898,289.62656416000164,0.03371642939160374,1.0,0.0,0.13145361722610047,0.014015360568757842,,0,,0.8,0.4,0.4,False,False,False,False,False,False,True,False,False,1,Low,Low risk,61-day practical cushion; 1 risk flag(s)
1337,College CSD (Prairie),2021,68676282,65566658,13929171,13370935,120046.0,79304566,20.38,4.53,,,132010000.0,21857000,1.0,N,Y,N,No findings Part III; single audit unmodified,N,CPA firm Moline IL (name not in text extraction),2021-12-21,unmodified,Medium,"Enrollment Oct 2020 estimated as ~5089 per FY2020 MD&A forward-looking note (stated ""decrease of 105 students in October of 2020""); exact decimal not available in source text. FY2020 ACFR stated Oct 2019 = 5194.1 (used for FY2020 row). Capital additions = $10530822 CIP increases + $47329216 depreciable asset increases. Cash = govt $77367930 + BTA $1936636. Lease $398061 issued mid-year. Finding 2021-001: significant deficiency - insufficient segregation of duties over receipts process; IV-H enrollment variance (statutory not counted in findings_count). Firm name absent from text extract - signed Moline IL.",College Community CSD (Prairie),13490981.0,0.0,0.0,13161650.0,10439701.0,5194.1,1556018.02,3188755.59,7839047.34,81562075.03,13490981.0,False,0.20392887799771647,0.2057597780872101,0.21244290047542153,0.22949162697906608,74.43404046916652,75.10231900183169,83.76444384735912,441.47692551296427,0.0,,0.0,0.15922271042089717,0.045279445966512864,0.029647403267635354,0,,0.8666666666666667,0.4,0.13333333333333333,False,False,False,False,False,False,False,False,False,0,Very low,Low risk,75-day practical cushion; 0 risk flag(s)
1337,College CSD (Prairie),2022,69615113,69615997,13912980,13006961,140690.0,54881833,19.58,-0.00,,,126325000.0,28625000,0.0,N,N,Y,No findings Part II-III; single audit unmodified,N,CPA firm Moline IL (name not in text extraction),2023-01-17,unmodified,Medium,Certified enrollment not stated in text for this year; variances in October 2021 enrollment noted as finding IV-H-22 (repeat of IV-H-21 not corrected) - counted as repeat statutory finding. Capital additions = $40718351 CIP increases + $8396788 depreciable. IPERS NPL dropped dramatically to $889109 due to excellent IPERS investment returns in measurement period (FY2022); large pension deferred inflow of $27238112 reflects near-full funding. Revenue bonds include 2017 ($3.5M remaining) and 2020 ($25.1M remaining) SAVE bonds totaling $28625000. Firm name absent from text extract.,College Community CSD (Prairie),13147650.0,778611.0,778611.0,13926261.0,11916617.0,5089.3,1996603.99,2347965.52,7702414.61,50920458.93,13147651.0,False,0.1868386801958751,0.18885962374423798,0.19985320328027478,0.21753987075700432,68.19611827149441,68.93376266664686,79.40205282630657,287.7480738371096,0.011184369017942815,1.0,0.0,0.17117641797186356,-1.2698392086212658e-05,0.019760702714394833,1,,0.6,0.4666666666666667,0.4,False,True,False,False,False,False,True,False,False,2,Low,Low risk,69-day practical cushion; 2 risk flag(s)
1337,College CSD (Prairie),2023,71111767,72308222,12687100,12210480,132450.0,67027470,18.01,-1.68,,,119710000.0,59339000,0.0,N,N,Y,No findings Part II-III; single audit unmodified,N,CPA firm Moline IL (name not in text extraction),2024-01-31,unmodified,Medium,Certified enrollment not stated in text. IV-H-23 enrollment variance finding (repeat of IV-H-22 not corrected) - statutory. Revenue bonds jumped to $59339000 due to new $33M issuance during year. Lease $85375 + SBITA $99552 = $184927 combined. Capital additions = $23948866 CIP increases + $4836636 depreciable increases = $28785502. Cash = govt $63172710 + BTA $3854760. OPEB (govt) $15329079. Firm name absent from text extract.,College Community CSD (Prairie),12386290.0,2072567.0,2072567.0,14458857.0,13997195.0,5130.9,5450208.26,2857878.36,10469890.09,66067544.48,12342930.0,False,0.1688671033841767,0.1706988452848419,0.1754586082893865,0.24607351374232378,61.6364927352245,62.305078528967286,89.81683251594818,338.3436333146181,0.028662950666937987,1.0,0.0,0.19357681067029972,-0.01682499325322629,0.009480584773733454,2,-0.0016927387345320117,0.6,0.5333333333333333,0.5333333333333333,False,True,True,False,False,False,True,False,False,3,Low,Low risk,62-day practical cushion; 3 risk flag(s)
1337,College CSD (Prairie),2024,71926575,75383474,9206351,8733156,139020.0,38354559,12.8,-4.80,,,112900000.0,56999000,0.0,N,N,Y,No findings Part II-III; single audit unmodified,N,CPA firm Moline IL (name not in text extraction),2025-02-20,unmodified,Medium,Certified enrollment not stated in text; IV-H-24 enrollment variance (repeat of IV-H-23 not corrected) + IV-I supplementary weighting variances (statutory). Large capital activity: CIP additions $29451653 + depreciable additions $66135997 = $95587650 (large buildings transfer as new school completed). CIP decreased from $65.5M to $30.1M. Revenue bonds $56999000 (down from $59339000). Lease $43114 + SBITA $10587 = $53701. OPEB (govt) $494297 current + $10019005 LT = $10513302. Firm name absent.,College Community CSD (Prairie),8872175.0,6221192.0,6221192.0,15093367.0,13710477.0,5147.9,,,,9895740.17,8872176.0,False,0.11584974181476433,0.11769391259415823,0.12212691338687841,,42.28515576238898,42.95827809686776,,185.70932449995604,0.08252726585670488,1.0,0.0,0.18187642824739014,-0.0480614988271025,-0.021633063490805002,3,-0.008894707456537365,0.2857142857142857,0.5,0.9285714285714286,False,True,True,False,False,True,True,False,False,4,Moderate,High risk,43-day practical cushion; 4 risk flag(s)
1337,College CSD (Prairie),2025,75702538,79645682,5215707,4684712,125581.0,56454829,6.53,-5.21,,,149125000.0,54604000,1.0,N,Y,Y,No findings Part III; single audit unmodified,N,CPA firm East Moline IL (name not in text extraction),2026-02-16,unmodified,Medium,Certified enrollment not stated in text; IV-H-25 enrollment variance (repeat of IV-H-24 not corrected - statutory). Finding 2025-001: significant deficiency - insufficient segregation of duties over payroll cycle (not a repeat of 2021-001). GO bonds increased $36.2M due to new $43M issuance for continuing construction program. Capital additions = $24561836 CIP increases + $40412458 depreciable increases = $64974294. Revenue bonds $49000000 + private placement $5604000 = $54604000. Lease $1369667 + SBITA $5491 = $1375158 (equipment note $854889 excluded per field definition). OPEB (govt) $494297 + $9430689 = $9924986. Firm name absent from text extract.,,,,,,,,,,,,4810293.0,False,0.05881940969505415,0.060396155563085016,0.06548637501779443,,21.469084538694766,22.04459678052603,,258.72102626982337,,,,,-0.0520873421707473,-0.03899127808369202,4,,0.14285714285714285,,,False,True,True,False,False,False,False,False,False,2,Moderate,Moderate risk,22-day practical cushion; 2 risk flag(s)
1611,Davenport CSD,2020,191199787,183013826,25454380,19897473,,52206206,10.82,4.28,,,,7980000,6.0,Y,Y,Y,2020-005 MW payroll monitoring ESSER; 2020-006 SD nutrition reconciliation,Y,"Bohnsack & Frommelt, Certified Public Accountants","December 18, 2020",unmodified,Medium,GF cash only (pooled cash and investments shown as $52.2M GF per balance sheet); capital additions = CIP increases + depreciable asset increases; no Assigned GF balance present; salaries/benefits not separately stated by object in GF statements (approx 84% per MD&A); AEA is pass-through shown as GF expenditure,Davenport CSD,19897473.0,6151183.0,16705292.0,36602765.0,2004870.0,15053.7,5495592.46,6044351.17,12445603.48,52174018.93,19897473.0,False,0.10872114656517809,0.10872114656517809,0.13908446458028806,0.13874943776105747,39.68321849629,39.68321849629,50.64354478278597,104.11926577612776,0.03361048252168664,0.36821762828210364,10554109.0,0.010954746118470853,0.042813651251609394,,0,,0.26666666666666666,0.06666666666666667,0.3333333333333333,False,False,False,True,False,False,False,False,False,1,Moderate,Moderate risk,40-day practical cushion; 1 risk flag(s)
1611,Davenport CSD,2021,194639365,191417781,28499620,22312601,,49276837,11.92,1.66,,,,5770000,8.0,Y,Y,Y,2021-005 MW allowable costs ESSER; 2021-006 SD nutrition reconciliation; 2021-007 NC unallowable costs ESSER $540K; 2021-008 NC Title I test security,Y,"Bohnsack & Frommelt, Certified Public Accountants","January 25, 2022",unmodified,Medium,Certification enrollment per October 2020 count 14412; GF cash per balance sheet; capital additions = CIP + depreciable additions; no Assigned GF balance; salaries/benefits not stated by object; qualified federal opinion on ESSER programs,Davenport CSD,22901178.0,11523181.0,15536966.0,38438144.0,8002122.0,14930.5,6300722.66,10182263.47,21988385.59,70336520.48,22312601.0,False,0.11656493395459432,0.11656493395459432,0.1488870043896288,0.14948101221589233,42.54620089342693,42.54620089342693,54.5605694588007,93.96225058632353,0.06019911494011102,0.7416622395904066,4013785.0,0.04180448628228534,0.016551554203847716,0.029682602727728553,0,,0.2,0.13333333333333333,0.6666666666666666,False,False,False,True,False,False,False,False,False,1,Moderate,Moderate risk,43-day practical cushion; 1 risk flag(s)
1611,Davenport CSD,2022,202274754,195608139,35293803,31864061,,54415534,16.35,3.3,,,,3505000,7.0,Y,Y,Y,2022-003 and 2022-004 SD; 2022-005 thru 007 NC federal,Y,"Bohnsack & Frommelt, Certified Public Accountants","December 16, 2022",unmodified,Medium,Enrollment per statistical section 14166; GASB 87 and 96 not yet adopted in FY2022 (forthcoming); IPERS NPL dropped dramatically to $1.98M due to GASB measurement year shift; no Assigned GF balance; seven IC+compliance findings,Davenport CSD,32346582.0,6775876.0,6861847.0,39208429.0,16413928.0,14470.6,7537998.82,13597986.64,34982955.34,94858164.9,31864061.0,False,0.16289741910994818,0.16289741910994818,0.18043115782620886,0.20143364187928806,59.45755797513108,59.45755797513108,73.52327928594013,101.53805466141672,0.03464005145511864,0.9874711575469404,85971.0,0.0839122956944036,0.03295821583349942,0.030774473762985508,0,,0.4,0.13333333333333333,0.6666666666666666,False,False,False,True,False,False,True,False,False,2,Low,Low risk,59-day practical cushion; 2 risk flag(s)
1611,Davenport CSD,2023,220539091,201686938,50668239,46354674,,65308906,21.74,8.55,,,,1180000,3.0,N,Y,Y,2023-002 SD ESF pre-approval monitoring; 2023-003 NC overcharged indirect costs ESF $94K,Y,"Bohnsack & Frommelt, Certified Public Accountants","December 18, 2023",unmodified,High,SAVE rev bonds = $1.18M remaining (paid off FY2024); GASB 87/96 first year; lease/SBITA: lease $93975 + IT sub $171252 = $265227 (govt only); IPERS NPL $52.6M; no material weakness; two IC+compliance findings + one noncompliance federal,Davenport CSD,45576435.0,0.0,0.0,41298840.0,27718050.0,14412.6,8026754.28,14716236.44,49263329.48,123760954.58,46354674.0,False,0.22983478483866912,0.22983478483866912,0.25122221350794666,0.26963287171328865,83.88969646611423,83.88969646611423,98.41599817535035,118.19184190301901,0.0,,0.0,0.13743106159904117,0.0854821379489589,0.04499730266210201,0,-0.04258753661890435,0.8666666666666667,0.4,0.13333333333333333,False,False,False,False,True,False,False,False,False,1,Very low,Low risk,84-day practical cushion; 1 risk flag(s)
1611,Davenport CSD,2024,232193237,214069537,56660994,51735493,,71641316,22.99,7.81,,,,75900000,2.0,N,Y,Y,2024-002 NC overcharged indirect costs Child Nutrition $49K,Y,"Bohnsack & Frommelt LLP, Certified Public Accountants","November 11, 2024",unmodified,High,Enrollment per stat table 13574 (MD&A says approximately 13786 which was FY2023 figure reused in error); $75.9M new SAVE revenue bonds issued March 2024; lease/SBITA: lease $57992 + IT sub $139856 = $197848; capital additions large due to building program; two findings,Davenport CSD,52915084.0,0.0,0.0,45086569.0,39563614.0,14164.5,,,,58813165.58,51735493.0,False,0.24167611013238188,0.24167611013238188,0.2646849934561217,,88.21178019831939,88.21178019831939,,122.15227213762788,0.0,,0.0,0.18481664675156464,0.07805438364253478,0.06549824580833104,0,-0.05130437694651887,0.9285714285714286,0.5714285714285714,0.14285714285714285,False,False,False,False,True,False,False,False,False,1,Very low,Low risk,88-day practical cushion; 1 risk flag(s)
1611,Davenport CSD,2025,197021300,201929149,51155858,46050819,,79767611,24.11,-2.49,,,,74000000,0.0,N,N,Y,no single audit findings,Y,"Bohnsack & Frommelt LLP, Certified Public Accountants","November 24, 2025",unmodified,High,No internal control or federal findings - clean audit; GASB 101 emphasis paragraph; enrollment 13370; large CIP $49.2M reflects active building program; save bonds $74M outstanding; lease/SBITA = lease $20731 + IT sub $80964 = $101695; compensated absences restated beginning balance $32.2M due to GASB 101,,,,,,,,,,,,46050819.0,False,0.22805434098075658,0.22805434098075658,0.2533356786443942,,83.23983445797616,83.23983445797616,,144.18511720167749,,,,,-0.024910245745003206,0.04620875861549683,1,,1.0,,,False,True,False,False,False,False,False,False,False,1,Very low,Low risk,83-day practical cushion; 1 risk flag(s)
1737,Des Moines Independent CSD,2020,460327437,432741578,125060027,91410321,2374122.0,264827969,21.07,5.99,,,,174670000,2.0,N,N,Y,No single audit findings,Y,RSM US LLP,2021-01-11,unmodified,High,Enrollment=Oct 2019 count; AEA flowthrough per GF expenditure line; solvency=(unassigned+assigned)/(GF rev-AEA); SAVE rev from statutory schedule; cash=SNP govt activities cash+restricted; capital additions=CIP additions 25806900+depreciable additions 3435469; GO bonds: none identified in debt notes - only revenue bonds; salaries+benefits not broken out at object level in GF; repeat finding: IV-G enrollment variance carried from 19-IV-G and IV-M deficit carried from prior year,Des Moines Independent CSD,96404712.0,0.0,0.0,86684415.0,23811427.0,32788.8,5358080.46,4965233.33,91530981.06,231601037.21,93784443.0,False,0.21123535534179708,0.21672159036218147,0.2889947103719255,0.22910329975272214,77.10090469975593,79.10338048219624,83.62270440974358,223.3716693730779,0.0,,0.0,0.05502458790775126,0.05992660176803669,,0,,0.9333333333333333,0.2,0.1,False,False,False,True,False,False,False,False,False,1,Very low,Low risk,79-day practical cushion; 1 risk flag(s)
1737,Des Moines Independent CSD,2021,508163078,450242429,184265129,151959117,2374122.0,270686421,31.32,11.40,,,,158015000,2.0,N,N,Y,No single audit findings,Y,RSM US LLP,2021-12-17,unmodified,High,Enrollment=Oct 2020 count; large capital additions in 2021 due to school renovation completions (67M+ of CIP transferred to buildings); capital additions=CIP additions 21135160+depreciable additions 70166420; repeat finding: IV-G enrollment and IV-M deficit carried from 2020; SAVE bonds reduced by refunding; cash=SNP govt activities 267280325+restricted 3406096,Des Moines Independent CSD,157981834.0,0.0,0.0,90339145.0,72182477.0,32606.7,19606426.2,4034997.47,75392660.02,288645297.64,154333239.0,False,0.33750510216797003,0.34277808811305965,0.4092575846511347,0.3863244643254179,123.18936229130907,125.11400216126677,141.00842947877754,219.4385453286545,0.0,,0.0,0.16031913553842345,0.11398043562700555,0.08695351869752112,0,,1.0,0.4666666666666667,0.13333333333333333,False,False,False,False,False,False,False,False,False,0,Very low,Low risk,125-day practical cushion; 0 risk flag(s)
1737,Des Moines Independent CSD,2022,459373498,465845285,179845901,154372935,2331042.0,325459655,35.3,-1.41,,,,132600000,2.0,N,N,Y,No single audit findings,Y,RSM US LLP,2022-11-29,unmodified,High,Enrollment=Oct 2021 count; GASB 87 leases implemented July 1 2021 (restated); lease liability ending 5984721 no SBITA; NPL dropped sharply due to favorable IPERS actuarial results; capital additions=CIP additions 21259523+depreciable 28649984; cash=SNP govt activities 321849087+restricted 3610568; depreciation includes amortization of lease assets 3710288,Des Moines Independent CSD,158270801.0,0.0,0.0,93965930.0,82573057.0,31621.5,33938621.3,13045854.68,70788173.57,303414923.38,156703977.0,False,0.331382413798607,0.33638631117625245,0.3860635854670076,0.40924015856466167,120.95458103649156,122.78100357933215,149.3726578761015,255.00477926915158,0.0,,0.0,0.1772542508399543,-0.01408828987343976,0.05327291584053415,1,,1.0,0.5333333333333333,0.16666666666666666,False,True,False,False,False,False,False,False,False,1,Very low,Low risk,123-day practical cushion; 1 risk flag(s)
1737,Des Moines Independent CSD,2023,488691573,486633749,184326862,160586811,2703026.0,332483952,34.5,0.42,,,,116155000,4.0,N,Y,Y,Finding 2023-002: Child Nutrition Cluster reporting significant deficiency (cyber incident impact),Y,RSM US LLP,2024-03-22,unmodified,High,Enrollment=Oct 2022 count (school year 2022-23); Finding 2023-001 IT ransomware attack (SD at financial statement level new); Finding 2023-002 SD federal Child Nutrition reporting (new); IV-C travel finding approx 35000 in questionable expenses (new); IV-G enrollment variance (repeat of IV-G-22); SBITA adopted per GASB 96; lease+SBITA=2445010+86186; SAVE rev=local option 42571605; NPL rebounded as actuarial assumptions reset; repeat_finding=Y because IV-G-23 enrollment variance is repeat of IV-G-22,Des Moines Independent CSD,164996437.0,0.0,0.0,98907786.0,106568443.0,31023.8,39716506.16,15803427.4,58559068.49,303929346.35,163289837.0,False,0.3299952198753071,0.33554975859267827,0.37877944630593224,0.4171645381709849,120.4482552544871,122.47566188632757,152.2650564324095,249.37983181269246,0.0,,0.0,0.21899106508537697,0.004210884970590643,0.03470101024138548,0,-0.05382935636558835,1.0,0.6,0.13333333333333333,False,False,False,False,True,False,False,False,False,1,Very low,Low risk,122-day practical cushion; 1 risk flag(s)
1737,Des Moines Independent CSD,2024,478241184,491327193,175410005,154171736,2801633.0,332563018,33.91,-2.74,,,,98880000,1.0,N,Y,N,No federal single audit findings,Y,RSM US LLP,2025-01-17,unmodified,High,Enrollment=Oct 2023 certified (2023-24 school year); Finding 2024-001 SD: open enrollment payments not recorded in correct period (audit adjustment $6.1M GF); lease=884798+SBITA=174430; capital additions=CIP 28587198+depreciable 30972654; cash=SNP govt 328241204+restricted 4321814; SAVE rev=local option 40540358; repeat finding=N (2023 findings corrected),Des Moines Independent CSD,164462396.0,0.0,0.0,97090763.0,129212807.0,30773.9,,,,182113706.64,156973369.0,False,0.3137862878271425,0.3194884615311736,0.3570126129778451,,114.53199505690702,116.61328845887837,,247.056347174336,0.0,,0.0,0.26298729001958576,-0.027362781453803026,-0.012413395452217382,1,-0.05620930667623523,1.0,0.6428571428571429,0.14285714285714285,False,True,False,False,True,False,False,False,False,2,Very low,Low risk,117-day practical cushion; 2 risk flag(s)
1737,Des Moines Independent CSD,2025,470207346,517163529,131879126,113882199,1444973.0,308190138,25.21,-9.99,,,,80825000,3.0,Y,N,N,No federal single audit findings,Y,RSM US LLP,2026-03-04,unmodified,High,Enrollment=fiscal year 2025 (Oct 2024 count); Finding 2025-001 MW: OPEB liability allocated entirely to govt activities since GASB 75 adoption - should have been split with enterprise funds (restatement required); IV-A budget overage finding (support services and noninstructional exceeded certified budget); IV-N deficit balance finding (School Nutrition and Child Care funds); OPEB restated; lease=483616+SBITA=1097768; capital additions=CIP 26468350+depreciable 55367691; SAVE bonds decreasing toward payoff; AEA flowthrough dropped sharply (legislative change effective FY2025); cash=SNP govt 303622611+restricted 4567527,,,,,,,,,,,,115327172.0,False,0.22020539464607142,0.22299942964462213,0.2550046911757383,,80.37496904581607,81.39479182028708,,217.5122452805445,,,,,-0.09986271673433192,-0.04100487107251477,2,,0.8571428571428571,,,False,True,True,False,False,False,False,False,False,2,Very low,Low risk,81-day practical cushion; 2 risk flag(s)
1863,Dubuque CSD,2020,132171981,132654280,18125154,16524327,0.0,61693452,13.02,-0.36,113419409.0,85.5,0.0,63148000,0.0,N,N,Y,no findings - low-risk auditee,N,Jim Kircher & Associates PC,2020-12-14,unmodified,High,"SAVE rev bonds = all revenue bonds ($63.1M); no GO bonds; sal+ben computed from MD&A 85.5% pct; gf_assigned=0 (none on balance sheet); cash+invest = govtl activities only ($61.7M); capital additions = increases to depreciable assets $19,244,588 + CIP net increase $1,162,884 - wait depreciable additions only; CIP end=$1,212,532; repeat finding = IV-H enrollment variance recurs from prior audit; 2020 statutory findings include IV-H (enrollment variances) and IV-I (supplementary weighting variances)",Dubuque CSD,16524327.0,7085158.0,10014582.0,26538909.0,10464284.0,10429.8,6908479.2,5260071.32,9157192.53,47982502.66,16524327.0,False,0.12456685905648879,0.12456685905648879,0.13663452095175518,0.17664568531071895,45.46690355561841,45.46690355561841,64.47567513841241,169.75034638912518,0.05341070035584227,0.7074841466174026,2929424.0,0.07888387770074211,-0.003649026036766446,,0,,0.6,0.26666666666666666,0.5333333333333333,False,True,False,False,False,False,False,False,False,1,Low,Low risk,45-day practical cushion; 1 risk flag(s)
1863,Dubuque CSD,2021,145074388,137835817,24931146,23065023,0.0,63584554,16.52,4.99,116195594.0,84.3,0.0,57389000,0.0,N,N,Y,no findings - low-risk auditee; major program = Education Stabilization Fund (CFDA 84.425),N,Jim Kircher & Associates PC,2021-12-13,unmodified,High,"SAVE rev bonds = all revenue bonds ($57.4M); no GO bonds; sal+ben computed from MD&A 84.3% pct; cash+invest = govtl activities ($63.6M); capital additions = depreciable increases $4,496,775 + CIP net $2,628,425; repeat finding = IV-H enrollment variance and IV-I supplementary weighting (both recurring from 2020); 2021 GF unassigned confirmed $23,065,023 from balance sheet (statistical table label appears transposed)",Dubuque CSD,23065023.0,4613729.0,4613729.0,27678752.0,13969257.0,10489.0,6587743.91,6535515.45,8864209.08,56622421.52,23065023.0,False,0.16733693391174226,0.16733693391174226,0.1808756718146779,0.2151310708304504,61.077980877785926,61.077980877785926,78.5228408531144,168.37686107378025,0.03347264231038004,1.0,0.0,0.10134707584749181,0.0498955818445362,0.023123277903884878,0,,0.6,0.2,0.4666666666666667,False,False,False,True,False,False,True,False,False,2,Low,Low risk,61-day practical cushion; 2 risk flag(s)
1863,Dubuque CSD,2022,149213189,144537665,30277495,28035617,0.0,98669437,19.51,3.13,120255337.0,83.2,0.0,82336000,0.0,N,N,Y,no findings under UG Sec 200.516 - low-risk auditee,N,Jim Kircher & Associates PC,2022-12-12,unmodified,High,"SAVE rev bonds = all revenue bonds ($82.3M incl refunding bonds); GASB 87 implemented - no leases; no GO bonds; sal+ben computed from MD&A 83.2% pct; cash+invest = govtl activities ($98.7M); capital additions = depreciable $1,707,683 + CIP increases $14,290,489; statutory finding 2022-A = certified budget exceeded in other services; IV-H enrollment variance recurring; FY2022 NPL restated to $1.4M from $72M due to IPERS allocation change",Dubuque CSD,28035617.0,878172.0,878172.0,28913789.0,15951173.0,10309.8,7565508.89,7427850.88,32243587.9,87232658.08,28035617.0,False,0.1939675516412971,0.1939675516412971,0.2094782353098066,0.24631037100260336,70.79815634907344,70.79815634907344,89.90328541595022,249.16927020372165,0.006075731194356848,1.0,0.0,0.11035997433610126,0.0313345223122334,0.025860359373334387,0,,0.7333333333333333,0.2,0.3333333333333333,False,False,False,True,False,False,True,False,False,2,Low,Low risk,71-day practical cushion; 2 risk flag(s)
1863,Dubuque CSD,2023,139402754,142565488,27589009,25481734,0.0,92236446,19.03,-2.27,119755010.0,84.0,0.0,76942000,0.0,N,N,Y,no findings under UG - low-risk auditee,N,Jim Kircher & Associates PC,2023-12-11,unmodified,High,"SAVE rev bonds = all revenue bonds ($76.9M); GASB 96 SBITA adopted - subscription liability $423,278 end of year; no GASB 87 leases; no GO bonds; sal+ben computed from MD&A 84.0% pct; cash+invest = govtl activities ($92.2M); capital additions = depreciable $4,696,653 + CIP increases $13,368,483; IV-H enrollment variance recurring; NPL surged to $39.6M due to IPERS plan changes",Dubuque CSD,25481734.0,3041993.0,3041993.0,28523727.0,15038445.0,10120.3,9755172.44,8542172.62,26554194.44,81753944.53,25481734.0,False,0.17873704469064772,0.17873704469064772,0.19351814655170962,0.24716294900207544,65.23902131208642,65.23902131208642,90.21447638575754,236.14623189870468,0.021337513325805753,1.0,0.0,0.10548447040703147,-0.02268774403122624,0.01951412004184779,1,-0.02967458628161614,0.6666666666666666,0.13333333333333333,0.4666666666666667,False,True,False,True,False,False,True,False,False,3,Low,Low risk,65-day practical cushion; 3 risk flag(s)
1863,Dubuque CSD,2024,136995614,141615196,23355130,21314572,0.0,90412348,16.21,-3.37,120372917.0,85.0,0.0,71890000,0.0,N,N,Y,no findings under UG - low-risk auditee,N,BAC CPA LLC,2024-12-09,unmodified,High,"New auditor BAC CPA LLC starting FY2024; SAVE rev bonds = all revenue bonds ($71.9M); SBITA = subscription liability $211,639 end of year; no GO bonds; sal+ben computed from MD&A 85.0% pct; cash+invest = govtl activities ($90.4M); capital additions to depreciable $8,227,015 + CIP net $9,592,013 (rounded); IV-H enrollment variance recurring; unrestricted NP = -23,353,158 per FY2024 ACFR (restated to -26,578,948 in FY2025 report for compensated absences GASB change)",Dubuque CSD,21314572.0,7017143.0,7017143.0,28331715.0,14988048.0,10064.1,,,,24187114.65,21314572.0,False,0.15051048617692128,0.15051048617692128,0.1649196601754518,,54.936327454576265,54.936327454576265,,233.02942023255753,0.049550777022544956,1.0,0.0,0.10583643862626155,-0.03372065619560638,-0.008357959304866406,2,-0.040509104776432416,0.5,0.14285714285714285,0.42857142857142855,False,True,True,True,True,False,True,False,False,5,Low,Moderate risk,55-day practical cushion; 5 risk flag(s)
1863,Dubuque CSD,2025,142364764,143254460,22795025,21167328,0.0,106764627,15.37,-0.62,122196054.0,85.3,0.0,80946000,0.0,N,N,Y,no findings under UG - low-risk auditee,N,BAC CPA LLC,2026-01-12,unmodified,High,"SAVE rev bonds = all revenue bonds ($80.9M incl new $15M issuance); SBITA = subscription liability $678,830 end of year (new subscription added); no GO bonds; sal+ben computed from MD&A 85.3% pct; cash+invest = govtl activities ($106.8M); capital additions = depreciable increases $42,776,994 + CIP increases $2,700,292 (major prior-year CIP placed in service); 2025-A = certified budget exceeded in instruction (statutory; similar to 2022-A); IV-H enrollment variance 17.00 - largest on record; enrollment declined to 9863 from 10489 in 2020 (-6.0%)",,,,,,,,,,,,21167328.0,False,0.14776034198167373,0.14776034198167373,0.1591226199868402,,53.932524823310914,53.932524823310914,,272.0270548993728,,,,,-0.006249411546806624,-0.02088593725787975,3,,0.7142857142857143,,,False,True,True,False,False,False,False,False,False,2,Low,Low risk,54-day practical cushion; 2 risk flag(s)
3141,Iowa City CSD,2020,169739238,173099142,11240140,6876239,0.0,129537101,4.21,-1.98,,,176905000.0,82495000,2.0,N,N,N,,Y,RSM US LLP,2021-01-15,unmodified,High,"Capital lease $381,196 pre-GASB 87; SAVE bonds two tranches: $42,115,000 + $40,380,000; IPERS NPL total (govt $84,309,150 + business $1,720,595); Assigned GF = $0; enrollment is official Oct 2019 count per operating stats; salaries-benefits not broken out at object level in GF; 2 statutory findings (IV-D: 1099 filing; IV-H: enrollment variance of -14.09); no GAGAS or single-audit findings; solvency uses gf_revenue minus AEA flowthrough denominator",Iowa City CSD,6872407.0,14800000.0,27807421.0,34679828.0,2048574.0,14285.0,2167297.77,809247.12,4129339.45,82644950.57,6876239.0,False,0.03972428124455984,0.03972428124455984,0.06493469505469877,0.052244838798796586,14.49936265426434,14.49936265426434,19.069366161560755,273.14428782668375,0.08550013494578731,0.5322320254007015,13007421.0,0.01183468604367779,-0.01979450384948706,,0,,0.06666666666666667,0.13333333333333333,0.8666666666666667,False,True,False,True,False,True,False,False,False,3,High,Very high risk,14-day practical cushion; 3 risk flag(s)
3141,Iowa City CSD,2021,190498914,184984176,15890150,11653470,0.0,77918215,6.35,2.89,,,170605000.0,74430000,2.0,N,N,N,,Y,RSM US LLP,2022-01-19,unmodified,High,"Auditors issued Emphasis of Matter for restatement: beginning govt net position restated by $35,176,984 for CIP overstatement (finding 2021-001) and for GASB 84 adoption; opinion not modified; GF ending balance in MD&A $15,734,218 differs from balance sheet $15,890,150 due to GASB 84 restatement; Assigned GF = $0; IPERS NPL total (govt $100,410,162 + business $2,049,195); SAVE bonds two tranches: $38,215,000 + $36,215,000; no GASB 87 lease yet (adopted FY2022); 1 GAGAS finding (2021-001 CIP controls) + 1 statutory enrollment variance",Iowa City CSD,11645791.0,17500000.0,25513829.0,37159620.0,3167626.0,14571.6,1800631.26,2805210.09,1409806.3,43445321.78,11653470.0,False,0.06299711819674782,0.06299711819674782,0.08590005017510255,0.07273109273952168,22.993948141812954,22.993948141812954,26.54684884992541,153.7436827839804,0.09460268644816408,0.6859025354446014,8013829.0,0.017123767386460126,0.02894892093715558,0.00457720854383426,0,,0.06666666666666667,0.06666666666666667,0.8666666666666667,False,False,False,True,False,True,False,False,False,2,Moderate,Moderate risk,23-day practical cushion; 2 risk flag(s)
3141,Iowa City CSD,2022,196760462,202187558,10063054,5356550,0.0,73022633,2.82,-2.76,,,164020000.0,66205000,3.0,N,Y,N,Title I student withdrawal record (2022-002; no questioned costs),Y,RSM US LLP,2022-12-20,unmodified,High,"GASB 87 adopted FY2022: lease liability $250,317 for copiers; IPERS NPL dramatically reduced to $2,054,352 due to GASB measurement-date catch-up (plan performance); SAVE bonds two tranches: $34,115,000 + $32,090,000; 1 significant deficiency (2022-001 expenditure cutoff in PPEL/Capital Projects ~$268k); 1 federal compliance finding (2022-002 Title I withdrawal record); 1 statutory enrollment variance (-5.84 students); capital outlay unusually low as major GO Bond construction phase winding down; salaries-benefits not object-detail separated in GF",Iowa City CSD,5250261.0,17500000.0,35236848.0,40487109.0,239935.0,14283.8,1225574.36,9386559.16,3709899.65,32261873.5,5356550.0,False,0.026492975398614785,0.026492975398614785,0.049770886495399486,0.03255454700135406,9.669936020494397,9.669936020494397,11.882409655494232,131.8244372138863,0.08655329820047582,0.49663919996476413,17736848.0,0.0011866951773560667,-0.027582248714175108,-0.0061426105421688625,1,,0.06666666666666667,0.06666666666666667,0.9333333333333333,False,True,False,True,False,True,False,False,False,3,Very high,Very high risk,10-day practical cushion; 3 risk flag(s)
3141,Iowa City CSD,2023,209488033,207876297,10151221,4960343,0.0,149426571,2.45,0.77,,,156815000.0,164695000,7.0,Y,Y,Y,Education Stabilization Fund cut-off errors $58k (2023-003 significant deficiency + noncompliance); lack of review on ESF reports (2023-004 material weakness); late single audit filing - package due 2024-03-31 submitted Aug 2025 (2023-005 significant deficiency + noncompliance),N,RSM US LLP,2025-08-27,unmodified,Medium,"REPORT DATE 26+ MONTHS LATE - audit for FY ended 2023-06-30 not issued until 2025-08-27 due to personnel turnover; material weakness 2023-001: financials required significant revisions; year-end close not completed until Dec 2024; significant audit adjustments to original trial balance; supporting reconciliations did not agree to FS amounts; significant deficiency 2023-002: bank reconciliations contained unreconciled items approximately $1.06M and $1M on two accounts; $55k payroll entry required reversal; significant deficiency 2023-006: CFO had incompatible duties (vendor setup + invoice processing + journal entries + cash disbursements); corrective action plan notes prior accounting leadership failed to properly reconcile balance sheet with unknown variances and errors compounding misstatements; finding 2023-001 is repeat of 2022-001 (Not Corrected); lease $205,142 + SBITA $24,709 = $229,851 total; SAVE bonds note: $164,695,000 in notes from direct borrowings (new bond issuance FY2023); IPERS NPL total (govt $60,123,766 + business $1,227,016); FY2024 and FY2025 audits NOT filed as of knowledge cutoff; Moody's bond rating reportedly lost; enrollment is Oct 2022 certified count per transmittal; findings count = 6 GAGAS/federal numbered findings + 1 statutory enrollment variance; no GFOA cert - transmittal does not mention submitting for GFOA",Iowa City CSD,6410331.0,24000000.0,35446978.0,41857309.0,-2505057.0,14395.0,1165161.41,11278296.45,113892625.08,140739417.29,4960343.0,False,0.023861994232079284,0.023861994232079284,0.04883298936193769,0.02946706526141362,8.70962789470894,8.70962789470894,10.755478820415972,262.37093503257853,0.11545327844665233,0.6770675909241121,11446978.0,-0.012050710139405648,0.007693690073456368,0.0030201207654789466,0,0.0077003850192509625,0.06666666666666667,0.06666666666666667,0.9333333333333333,False,False,False,True,False,True,False,False,False,2,Very high,Very high risk,9-day practical cushion; 2 risk flag(s); negative spending authority (UAB)
3231,Johnston CSD,2020,82568683,84937989,12146145,10518726,0.0,59454734,13.25,-2.87,,,48510000.0,48124000,2.0,N,N,N,No single audit findings,Y,Van Maanen Sietstra Meyer & Nikkel PC,BLANK-in-PDF,unmodified,High,Report date shows ==== in PDF (a pre-publication placeholder). AEA separately stated. GF Assigned=$0 (no Assigned category; only Nonspendable $85572 + Restricted $1541847 + Unassigned). Solvency = Unassigned / (GF Rev minus AEA). Lease = pre-GASB87 capital lease. IPERS NPL = combined govt $35440808 + BTA $2480535. OPEB = combined net OPEB govt $4242027 + BTA $254445. Capital additions = CIP adds $4063161 + depreciable adds $9721893. Findings count = 2 Part IV statutory items only (IV-H enrollment variance + IV-I supp weighting); Parts II & III clean.,Johnston CSD,10518726.0,6473110.0,6473110.0,16991836.0,14357193.0,7057.6,6100420.22,939440.92,7532169.81,38457404.86,10518726.0,False,0.1238400640730969,0.1238400640730969,0.14300014802563785,0.19566211086066565,45.20162338668037,45.20162338668037,71.41667046414297,255.49201441536366,0.07620983350571203,1.0,0.0,0.16903146835746252,-0.02869497143366087,,0,,0.5333333333333333,0.6666666666666666,0.8,False,True,False,False,False,True,True,False,False,3,Low,Low risk,45-day practical cushion; 3 risk flag(s)
3231,Johnston CSD,2021,90297900,85982677,15971161,13781660,0.0,69966841,15.84,4.78,,,43465000.0,44385000,2.0,N,N,Y,No single audit findings,Y,Van Maanen Sietstra Meyer & Nikkel PC,2021-11-15,unmodified,High,GF Assigned=$0 (no Assigned category). Solvency = Unassigned / (GF Rev minus AEA). Lease is pre-GASB87 capital lease. IPERS NPL = govt $42252580 + BTA $2787172. OPEB = govt $4719207 + BTA $287231. Capital adds = CIP $904585 + depreciable $2454923; CIP balance = 0 at year-end (all completed). Findings = 2 Part IV (IV-H enrollment + IV-I supp weighting); repeat from FY2020.,Johnston CSD,13781660.0,3534875.0,3534875.0,17316535.0,18167559.0,7105.7,5235183.98,1477856.51,6710014.71,49645319.38,13781660.0,False,0.1602841465380288,0.1602841465380288,0.18574858980024547,0.2211706432448015,58.50371348638051,58.50371348638051,80.72728478435255,297.01211751060043,0.041111478769147884,1.0,0.0,0.21129324689437154,0.04778874148789728,0.009546885027118205,0,,0.5333333333333333,0.6666666666666666,0.5333333333333333,False,False,False,False,False,False,True,False,False,1,Low,Low risk,59-day practical cushion; 1 risk flag(s)
3231,Johnston CSD,2022,93296992,88285047,21380621,18556483,0.0,63159720,20.63,5.37,,,14520000.0,40485000,1.0,N,N,N,No single audit findings,Y,Van Maanen Sietstra Meyer & Nikkel PC,2023-01-09,unmodified,High,IPERS NPL dropped 98% (govt $836033 + BTA $42107 = $878140) due to actuarial assumption changes. OPEB = govt net $3458540 + BTA $197876; OPEB total liability per note = $3656416. No enrollment/supp weighting variances in FY2022. Finding = 1 (Part IV budget exceeded; 2022-A). Lease = GASB 87 right-of-use. Capital adds = depreciable only (no CIP at year-end).,Johnston CSD,18556483.0,0.0,0.0,17657010.0,21728912.0,7004.2,4709751.68,2512085.19,7751996.86,38686759.75,18556483.0,False,0.21018828930339697,0.21018828930339697,0.24217714920625233,0.26353539439130613,76.7187255957399,76.7187255957399,96.19041895282673,261.1234697536039,0.0,,0.0,0.24612222271343415,0.05372032787509377,0.02427136597644339,0,,0.8,0.8,0.16666666666666666,False,False,False,False,False,False,False,False,False,0,Very low,Low risk,77-day practical cushion; 0 risk flag(s)
3231,Johnston CSD,2023,91883625,92841732,20773674,15556695,0.0,66483518,17.59,-1.04,,,0.0,32760000,3.0,N,N,Y,No single audit findings,Y,Van Maanen Sietstra Meyer & Nikkel PC,2024-03-18,unmodified,High,GO bonds fully retired in FY2023. GF has Committed $2150000 (Board resolution) but no Assigned category label. IPERS NPL rebounded: govt $23307018 + BTA $1188937. OPEB = govt $3855169 + BTA $222574; OPEB total per note = $4077743. Findings = 3 Part IV items (2023-A budget exceeded + 2023-H enrollment variance + 2023-I supp weighting); enrollment & supp weighting repeat from FY2020/21. No CIP at year-end.,Johnston CSD,15556694.0,3011624.0,3011653.0,18568347.0,23686609.0,6986.9,5584053.16,2488897.95,9471039.03,40782493.91,15556695.0,False,0.1675614474749351,0.1675614474749351,0.22375362407069269,0.22770738658774697,61.159928328351306,61.159928328351306,83.11319610452765,261.3747454646796,0.032438257399161834,0.9999903707366021,29.0,0.2551289004388673,-0.010427396611746652,0.030360557583748133,1,-0.01001756971208353,0.4666666666666667,0.8666666666666667,0.6,False,True,False,False,False,False,True,False,False,2,Low,Low risk,61-day practical cushion; 2 risk flag(s)
3231,Johnston CSD,2024,92402220,96950364,16567398,11860294,0.0,68490271,13.34,-4.92,,,0.0,29295000,3.0,N,Y,N,No single audit findings,N,CPA firm not named in PDF (signed Moline IL; change from Van Maanen),2024-12-13,unmodified,Medium,Auditor firm name not captured in PDF text extraction; signed Moline IL (different firm from prior years). Certified enrollment not stated. 3 significant deficiency findings (2024-001 receipt segregation; 2024-002 disbursement segregation; 2024-003 payroll segregation). GF Committed=$2055000 (not labeled Assigned). Lease_SBITA = GASB87 lease $86414 + GASB96 subscription $98663 + equipment financing $1901112 = $2086189. IPERS NPL = govt $26317598 + BTA $1393888. OPEB total = govt $4662794 + BTA $299737. Capital additions = CIP $2516017 + depreciable $5708356.,Johnston CSD,11784932.0,7605141.0,7605141.0,19390073.0,26652119.0,6984.8,,,,17113321.42,11860294.0,False,0.12233367169204233,0.12233367169204233,0.17088536150312958,,44.65179016759545,44.65179016759545,,257.8530691746552,0.07844365597224576,1.0,0.0,0.27490478529817586,-0.049221155076144274,-0.00197607460426572,2,-0.017014509478306097,0.35714285714285715,0.7857142857142857,0.7857142857142857,False,True,True,False,False,True,True,False,False,4,Moderate,High risk,45-day practical cushion; 4 risk flag(s)
3231,Johnston CSD,2025,98396516,103691498,11834736,7327867,0.0,66339912,7.66,-5.38,,,0.0,25580000,3.0,N,Y,Y,No single audit findings,N,CPA firm not named in PDF (signed East Moline IL; same firm as FY2024),2026-03-13,unmodified,Medium,Auditor firm not named in text. Certified enrollment not stated. 3 SDs (2025-001 receipts; 2025-002 disbursements; 2025-003 payroll) — same subject matters as FY2024 but auditor designates each as not a repeat finding; treated as repeat here by substance. GF Committed=$1875000 (not Assigned). Lease_SBITA = GASB87 $48445 + GASB96 $249480 + equip financing $1277744 = $1575669. Unrestricted net position = combined govt+BTA = -$555016 (govt activities alone = -$6876884). IPERS NPL = govt $21400741 + BTA $1133471. AEA flowthrough dropped sharply from $3.5M to $2.7M.,,,,,,,,,,,,7327867.0,False,0.07066989233774981,0.07066989233774981,0.11413410191065038,,25.794510703278682,25.794510703278682,,233.52028225110607,,,,,-0.053812698002437404,-0.03782041656344278,3,,0.21428571428571427,,,False,True,True,False,False,False,False,False,False,2,Moderate,Moderate risk,26-day practical cushion; 2 risk flag(s)
3715,Linn-Mar CSD,2020,88946908,87749848,11059342,9481809,435330.0,53865779,11.6,1.35,,,72865000.0,54295000,4.0,N,Y,Y,No federal findings; unmodified opinion on major programs,N,Bohnsack & Frommelt LLP,2020-11-20,unmodified,High,Certified enrollment Oct 1 2019 per intro letter; cash_and_investments = total govt funds unrestricted + restricted pooled cash; SAVE bonds = statewide SSTU bonds (29815000 regular + 24480000 direct placement = 54295000); capital additions = governmental activities total increases; salary/benefit object detail not available in GF function-only statements; FY2020 finding 2020-001 is repeat of 2019-002,Linn-Mar CSD,9917191.0,6650000.0,7636052.0,17553243.0,14040602.0,7556.7,1997348.45,2193251.66,6732382.72,37347059.57,9917139.0,False,0.10805499059098085,0.1130160248254789,0.12603260577727723,0.13577786995141006,39.44007156570801,41.250849061299796,49.558922532264674,224.05747454969952,0.07578360705536492,0.8708688730773442,986052.0,0.16000713756222118,0.013458140669712768,,0,,0.3333333333333333,0.6,0.7333333333333333,False,False,False,False,False,False,False,False,False,0,Moderate,Moderate risk,41-day practical cushion; 0 risk flag(s)
3715,Linn-Mar CSD,2021,96735391,93635341,13955156,12795923,424306.0,39304127,14.2,3.20,,,70015000.0,49925000,3.0,N,Y,Y,No federal findings; unmodified opinion on major programs,N,Bohnsack & Frommelt LLP,2021-11-18,unmodified,High,Certified enrollment Oct 1 2020 per intro letter; cash = unrestricted 33409428 + restricted 5894699; SAVE bonds = 26870000 regular + 23055000 direct placements = 49925000; capital additions = 1982532 (not depr) + 68362942 (being depr) = 70345474; FY2021 finding 2021-001 is repeat of 2020-001; IV-D-21 is conflict of interest finding,Linn-Mar CSD,13220229.0,5550312.0,5550312.0,18770541.0,17353232.0,7675.5,1580998.85,5037518.47,6495345.46,31165109.87,13220229.0,False,0.13665698082949257,0.1411884536203056,0.14903727429155195,0.15807309176136816,49.87979800276479,51.53378557141154,57.69667849289938,153.21144988407744,0.059275824071597066,1.0,0.0,0.18532780267228374,0.03204669943392279,0.02275242005181778,0,,0.4666666666666667,0.5333333333333333,0.6,False,False,False,False,False,False,True,False,False,1,Low,Low risk,52-day practical cushion; 1 risk flag(s)
3715,Linn-Mar CSD,2022,99507635,101160128,12313088,11416553,464960.0,31182906,12.4,(1.66),,,66965000.0,39280000,4.0,N,Y,Y,No federal findings; unmodified opinion on major programs,N,Bohnsack & Frommelt LLP,2022-12-20,unmodified,High,Certified enrollment Oct 1 2021 per intro letter; GASB 87 adopted; lease liability 508308; SAVE bonds = 39280000 (all regular bonds after refunding); capital additions = 3585907 (not depr) + 5512799 (being depr); IPERS NPL dropped dramatically from $52.5M to $1.07M due to IPERS favorable returns; finding 2022-001 is repeat of 2021-001; IV-A-22 had 2 budget sub-findings counted as 1 finding number,Linn-Mar CSD,11881513.0,8366323.0,8366323.0,20247836.0,15178761.0,7597.9,1443078.47,3926862.86,3752185.18,24181390.44,11881513.0,False,0.11285625300909069,0.11745253030917478,0.12171878627911582,0.1317178193961953,41.1925323483181,42.8701735628488,48.07700407961129,112.51231997254887,0.08270376051718717,1.0,0.0,0.15004687419928928,-0.01660669555657714,0.009632714849019472,1,,0.26666666666666666,0.4,0.8666666666666667,False,True,False,False,False,True,True,False,False,3,Moderate,Moderate risk,43-day practical cushion; 3 risk flag(s)
3715,Linn-Mar CSD,2023,99802728,105031915,7069549,5866836,535797.0,45069774,6.67,(5.24),,,63805000.0,50725000,3.0,N,N,Y,No federal findings; unmodified opinion on major programs; low-risk auditee,N,Bohnsack & Frommelt LLP,2023-12-04,unmodified,High,Certified enrollment approx Oct 1 2022; FY2022 future section noted ~106 student increase over 7579 = ~7685 (approximate); GASB 96 adopted; SBITA obligation 6531; lease obligation 383870; total lease+SBITA = 390401; capital additions = 2935306 + 5159063; OPEB reported as Net OPEB liability,Linn-Mar CSD,6401870.0,9190345.0,14637562.0,21039432.0,11599857.0,7579.3,2308569.5,4559679.02,5742145.7,35535671.68,6402633.0,False,0.055857650505563,0.06095892853138972,0.0673085794922429,0.08293862394111352,20.388042434530497,22.25000891395725,30.272597738506438,156.6235130531515,0.08750049925301276,0.6278603636315938,5447217.0,0.11044125968759115,-0.05239523112033571,-0.012318409080996686,2,0.0029907234639459505,0.13333333333333333,0.2,0.8666666666666667,False,True,True,True,False,True,False,False,False,4,Moderate,High risk,22-day practical cushion; 4 risk flag(s)
3715,Linn-Mar CSD,2024,104707585,104735503,7091954,5780977,605774.0,55486542,6.34,(0.03),,,60695000.0,61280000,2.0,N,N,Y,No federal findings; unmodified opinion on major programs; low-risk auditee,N,Bohnsack & Frommelt LLP,2024-12-12,unmodified,High,Certified enrollment Oct 1 2023 = 7566 per FY2023 intro letter; lease obligation 925193 + SBITA 3304 = 928497; SAVE bonds = 61280000; capital additions = 12817492 (not depr) + 2896446 (being depr); OPEB now reported as Total OPEB liability = 5044000 combined,Linn-Mar CSD,6363582.0,10299069.0,14584824.0,20948406.0,11177467.0,7685.5,,,,8112913.0,6386751.0,False,0.05519596349291415,0.060979809301149775,0.06771298935758202,,20.146526674913662,22.25763039491967,,193.36888877117437,0.09833407684116435,0.7061496936815967,4285755.0,0.10672089864312773,-0.0002666282485648007,-0.02308951830849255,0,0.0013028467200833821,0.14285714285714285,0.21428571428571427,1.0,False,True,False,True,False,True,False,False,False,3,Moderate,Moderate risk,22-day practical cushion; 3 risk flag(s)
3715,Linn-Mar CSD,2025,106656101,103555715,10195578,9278920,574165.0,50628484,9.51,2.91,,,57425000.0,66175000,3.0,N,Y,Y,No separate Uniform Guidance single audit section in FY2025 report; only GAS-based compliance audit performed,N,Bohnsack & Frommelt LLP,2025-11-11,unmodified,High,Certified enrollment Oct 1 2024 = 7494 per FY2024 intro letter; 2025-001 is new significant deficiency (Nutrition Fund reconciliation - not a repeat); II-H-25 and II-I-25 are repeats of IV-H-24 and IV-I-24 (certified enrollment and supplementary weighting); SBITA obligation = 0 (fully paid); lease obligation 752938; SAVE bonds increased to 66175000 due to new $10M issuance; OPEB = Total OPEB liability combined,,,,,,,,,,,,9853085.0,False,0.08960316675907264,0.09514767002477845,0.09845500076939259,,32.705155867061514,34.72889955904413,,178.44883462008832,,,,,0.02906899812510491,-0.007864287081265202,0,,0.35714285714285715,,,False,False,False,False,False,False,False,False,False,0,Moderate,Moderate risk,35-day practical cushion; 0 risk flag(s)
4581,Muscatine CSD,2020,54928725,56564823,11135845,10644009,60534.0,23241912,20.32,-2.98,,,0.0,0,4.0,N,N,Y,no single audit findings (no Part III findings),N,Bohnsack & Frommelt LLP,2021-01-15,unmodified,High,Enrolled count = Oct 2019 count (used for FY2020 state aid). Firm signed from Moline IL confirmed as Bohnsack & Frommelt LLP per later years. AEA flowthrough separately stated. SAVE revenue is per CAR schedule. Cash = GF pooled only ($16.6M); total govtl pooled $23.2M. Capital lease $458952 (pre-GASB 87 purchase agreement). 4 statutory findings in Part IV (budget exceedance; quotes not obtained; certified enrollment variances; supplementary weighting variances). IV-A and IV-G/H are repeats from FY2019. Salary/benefit object detail not in text extraction.,Muscatine CSD,10704543.0,430000.0,608421.0,11312964.0,11628936.0,4894.0,1939713.3,1513946.59,1818963.98,16717164.34,10704543.0,False,0.1881736463667534,0.1892438167799093,0.1968687323568572,0.2235356822384117,68.68338092386499,69.0739931246669,81.59052401702027,149.9747975875395,0.007601897737751252,0.7067474659816148,178421.0,0.20558600528105603,-0.02978583609941793,,0,,0.8666666666666667,0.7333333333333333,0.2,False,True,False,False,False,False,False,False,False,1,Low,Low risk,69-day practical cushion; 1 risk flag(s)
4581,Muscatine CSD,2021,56363815,56650584,10892432,10294149,76093.0,25860927,19.16,-0.51,,,0.0,0,1.0,N,N,Y,no single audit findings (no Part III findings),N,Bohnsack & Frommelt LLP,2022-01-28,unmodified,High,Enrolled count = Oct 2020 count. SAVE revenue per CAR schedule. Cash = total govtl pooled $25.9M. Capital lease $458952 (same pre-GASB 87 purchase agreement ending balance). 1 statutory finding in Part IV (certified enrollment variances); IV-G prior year enrollment not corrected = repeat finding. Salary/benefit object detail not in text extraction.,Muscatine CSD,10370243.0,962771.0,962771.0,11333014.0,12819892.0,4811.8,2253591.6,2764110.21,5414312.12,21635820.79,10370242.0,False,0.18171302523553862,0.18305622409823702,0.19227395784657753,0.2228367778168006,66.3252542109716,66.81552179585651,81.33542390313222,166.6220838076444,0.016994899823098028,1.0,0.0,0.22629761416051775,-0.005087820971664179,-0.017436828535541054,1,,0.7333333333333333,0.8,0.3333333333333333,False,True,False,False,False,False,True,False,False,2,Low,Low risk,67-day practical cushion; 2 risk flag(s)
4581,Muscatine CSD,2022,59183176,57712786,11939087,10773667,143324.0,30943941,19.17,2.48,,,0.0,0,1.0,N,N,Y,no single audit findings (ESSER II and ARP-ESSER audited; no Part III findings),N,Bohnsack & Frommelt LLP,2023-01-10,unmodified,High,First ACFR format year. Enrolled count = Oct 2021. SAVE revenue per CAR schedule. Cash = total govtl pooled $30.9M. GASB 87 lease obligation $210367 (new lease under updated standard). IPERS NPL dropped dramatically to $536222 due to strong investment returns (prior year $30.2M). 1 statutory finding (certified enrollment variances); repeat from FY2021. Salary/benefit object detail not in text extraction. ASBO cert submitted first time.,Muscatine CSD,10916991.0,720716.0,720716.0,11637707.0,15007531.0,4690.0,1932710.76,1286287.61,10251170.88,25735414.290000003,10916991.0,False,0.18667729885713713,0.1891607000223486,0.20687074437889724,0.22264913289751773,68.13721408285505,69.04365550815724,81.26693350759398,195.70253401040108,0.012487977967308665,1.0,0.0,0.2600382348549245,0.02484472952245753,-0.0033429758495415254,0,,0.6666666666666666,0.8666666666666667,0.4666666666666667,False,False,False,False,False,False,True,False,False,1,Low,Low risk,69-day practical cushion; 1 risk flag(s)
4581,Muscatine CSD,2023,63094613,60869319,11406083,10212841,159311.0,55620298,17.04,3.53,,,0.0,25000000,1.0,N,N,Y,no single audit findings (no Part III findings),N,Bohnsack & Frommelt LLP,2023-12-06,unmodified,High,Enrolled count = Oct 2022. SAVE revenue per CAR. Cash = total govtl pooled $55.6M (high due to $25M bond proceeds held). $25M school infrastructure SAVE revenue bonds issued Oct/Dec 2022 outstanding at June 30 2023. Lease $98457 + SBITA $37532 = $135989. IPERS NPL rebounded to $15.7M. 1 statutory finding (certified enrollment variances); repeat. Salary/benefit object detail not in text extraction.,Muscatine CSD,10372150.0,1000000.0,2366913.0,12739063.0,15295762.0,4604.5,1509700.91,1758727.11,34227114.6,49529958.99,10372152.0,False,0.167783066539647,0.1704003292693319,0.18738640726373168,0.19520265883046925,61.24081928697115,62.19612018330615,71.24897047312128,333.52449318514635,0.016428637882411664,0.4224912364755274,1366913.0,0.2512885350335528,0.0352691599835948,0.01834202284479605,1,-0.05915406620351451,0.5333333333333333,0.8,0.4,False,False,False,False,True,False,False,False,False,1,Low,Low risk,62-day practical cushion; 1 risk flag(s)
4581,Muscatine CSD,2024,61826636,60904420,11189523,9974471,159443.0,40894955,17.0,1.49,,,0.0,21808000,3.0,N,N,Y,no single audit findings (no Part III findings),Y,Bohnsack & Frommelt LLP,2024-11-08,unmodified,High,Enrolled count = Oct 2023. SAVE revenue per CAR. Cash = total govtl pooled $40.9M. Revenue bonds = Series 2022 $13095000 + Series 2022B $8713000 = $21808000. Lease $306766 + SBITA $16272 = $323038. 3 statutory findings (budget exceedance support services; certified enrollment; supplementary weighting). Budget exceedance is repeat of FY2020 pattern. GFOA Certificate awarded for FY2023 reported in this ACFR (first year). Salary/benefit object detail not in text extraction.,Muscatine CSD,10133914.0,1500000.0,2296994.0,12430908.0,16237561.0,4574.8,,,,11442162.8,10133914.0,False,0.1637725307949735,0.1663904524499207,0.18372267562846833,,59.77697374016533,60.73251514422106,,245.08333836854533,0.024628754366267668,0.6530273914516103,796994.0,0.26660726758419173,0.014916160083495405,0.025010016529849244,2,-0.04925391745292822,0.7142857142857143,0.7142857142857143,0.2857142857142857,False,False,True,False,True,False,False,False,False,2,Low,Low risk,61-day practical cushion; 2 risk flag(s)
4581,Muscatine CSD,2025,60083203,61421653,10082508,8715227,145363.0,30518195,15.22,-2.23,,,0.0,22546000,2.0,N,N,Y,no single audit findings (no Part II federal findings; structure changed - Part IV renamed Part II),Y,Bohnsack & Frommelt LLP,2025-10-17,unmodified,High,Enrolled count = Oct 2024. SAVE revenue per CAR. Cash = total govtl pooled $30.5M. Revenue bonds = Series 2022 $11116000 + Series 2022B $7382000 + Series 2024 $4048000 = $22546000. Series 2024 $4048000 issued in FY2025. Lease $162304 + SBITA $0 (paid off) = $162304. 2 statutory findings (certified enrollment; supplementary weighting). GASB 101 implemented (emphasis of matter paragraph in opinion). Salary/benefit object detail not in text extraction.,,,,,,,,,,,,8860590.0,False,0.14189176901507355,0.1442584099779926,0.16415233891539846,,51.79049569050185,52.654319641967305,,181.3552815812365,,,,,-0.022276608655500605,0.0093029038038632,3,,0.6428571428571429,,,False,True,True,False,False,False,False,False,False,2,Low,Low risk,53-day practical cushion; 2 risk flag(s)
5250,Pleasant Valley CSD,2020,54168959,53008239,8224174,4309175,3133352.0,45278048,14.34,2.14,,,15905000.0,33360000,1.0,N,N,N,Unmodified compliance opinion; no federal findings; single audit was performed (Child Nutrition cluster). One Iowa statutory finding IV-G-20: certified enrollment variance.,Y,Bohnsack & Frommelt LLP,2020-11-04,unmodified,High,"Auditor firm named Bohnsack & Frommelt LLP in transmittal letter; signed Moline IL. Capital lease $175,750 is pre-GASB-87 capital lease. Capital additions = gross increases to govl capital assets: CIP $9813513 + depreciable $31728693. GO bonds = Series 2018 net of premium = $15905000 (with premium $16258441 as reported in MD&A). SAVE rev bonds = sum of 4 series. Cash = SNP total (govl + BTA). Salaries+benefits not separately shown in GF object schedule in text extraction; left blank. OPEB = govl activities only.",Pleasant Valley CSD,7442527.0,2429614.0,3162235.0,10604762.0,11350381.0,5036.7,2269342.86,1012.93,20243632.43,31858148.89,7442527.0,False,0.08129255152203792,0.14040321165922906,0.15514897599220379,0.1832143463584972,29.67178130554384,51.24717225561861,66.87323642085148,311.77205339720865,0.04583464845908199,0.7683217724172935,732621.0,0.21412484576218424,0.021427770099846297,,0,,0.7333333333333333,0.8666666666666667,0.4666666666666667,False,False,False,False,False,False,False,False,False,0,Low,Low risk,51-day practical cushion; 0 risk flag(s)
5250,Pleasant Valley CSD,2021,58976783,55962993,11337516,6920517,3162842.0,39272107,17.81,5.11,,,14115000.0,29970000,0.0,N,N,N,Unmodified compliance; no findings (Parts II and III clean; IV items all clear). Single audit performed (COVID ESSER programs) - no findings.,Y,Bohnsack & Frommelt LLP,2021-11-18,unmodified,High,Firm confirmed by Moline IL signature consistent with all years; named explicitly in 2020 and 2023 transmittals. Capital lease $89402 is pre-GASB-87. Capital additions = CIP increases $8937974 + depreciable increases $2182978 = $11120952 gross. Rev bonds = 1745+6410+8600+13215 = 29970000. Solvency 17.81% matches district-reported 17.8%.,Pleasant Valley CSD,10083359.0,1113694.0,1113694.0,11197053.0,14066153.0,5128.4,2195641.75,335442.86,12214010.61,27153435.42,10083359.0,False,0.12366238167426107,0.18017905153857658,0.20258952197213612,0.21941286717813682,45.13676931110529,65.76535381158045,80.08569652001994,256.13925000401605,0.019900543918371198,1.0,0.0,0.2513474038102287,0.05110129523341414,0.03626453266663022,0,,0.6666666666666666,0.8666666666666667,0.4,False,False,False,False,False,False,True,False,False,1,Low,Low risk,66-day practical cushion; 1 risk flag(s)
5250,Pleasant Valley CSD,2022,62108088,61741879,11942859,7157559,3161450.0,43215611,17.31,0.59,,,12275000.0,26515000,1.0,N,N,N,Unmodified compliance; no federal findings. One Iowa statutory finding IV-H-22: certified enrollment variance (repeat from FY2020).,Y,Bohnsack & Frommelt LLP,2022-11-28,unmodified,High,GASB 87 adopted in FY2022 (restated FY2021 net position by $52009). Lease obligation = $213703 (GASB 87). GO bonds = Series 2018 principal $12275000. Rev bonds = Series 2016+2017+2018 = 5465+8250+12800 = 26515000. Capital additions = CIP increases $407473 + depreciable $19360504 but CIP largely transferred to buildings during year = gross additions to depreciable $19360504 + new CIP $407473 = $19767977 ~ $19768000. Cash = SNP total govl+BTA. NPL dropped dramatically due to IPERS remeasurement. OPEB = govl activities only.,Pleasant Valley CSD,10319010.0,2027845.0,2027845.0,12346855.0,14895854.0,5244.2,2254512.71,1112001.87,13610367.63,30020754.19,10319009.0,False,0.11592713270031837,0.16713143764218774,0.1934320625389454,0.20364656718659307,42.31340343561621,61.002974739398525,74.33099702310648,255.4781012576569,0.03284391458186752,1.0,0.0,0.24126013398458443,0.005896317400722431,0.026141794244660954,0,,0.5333333333333333,0.6666666666666666,0.5333333333333333,False,False,False,False,False,False,True,False,False,1,Low,Low risk,61-day practical cushion; 1 risk flag(s)
5250,Pleasant Valley CSD,2023,64926259,64759789,12144860,7370920,3277498.0,46968036,17.1,0.26,,,10380000.0,22990000,2.0,N,N,Y,Unmodified compliance; no federal findings (Child Nutrition cluster). Two Iowa statutory findings: IV-H-23 certified enrollment (repeat) and IV-J-23 depository resolution exceeded.,Y,Bohnsack & Frommelt LLP,2023-12-13,unmodified,High,Lease obligation $139407 + IT subscription $25948 = $165355 combined GASB87/96. Rev bonds = 4730+7150+11110 = 22990000. GO bonds = 10380000 (Series 2018). Capital additions = CIP increases $5286273 + depreciable increases $2106626 = $7392899. SAVE revenue from IV-M-23 disclosure = $7394675. NPL = govl activities $16411184 per long-term liabilities note; IPERS remeasured downward in FY2022 and rebounded. OPEB = govl activities. Enrollment 5556.8 confirmed in MD&A.,Pleasant Valley CSD,10648418.0,2308312.0,2308312.0,12956730.0,16250871.0,5423.6,3509025.37,182.46,14264402.49,31090187.03,10648418.0,False,0.11381939493348256,0.16442947335730201,0.18753705327853987,0.2186147235593989,41.54407915072113,60.016757775415236,79.7943740991806,264.7218807337374,0.035644217432518194,1.0,0.0,0.2509407651096578,0.0025639857056911288,0.0198538661132759,0,0.07681616931721177,0.3333333333333333,0.7333333333333333,0.6666666666666666,False,False,False,False,False,False,True,False,False,1,Low,Low risk,60-day practical cushion; 1 risk flag(s)
5250,Pleasant Valley CSD,2024,69450118,66728017,14965075,10195186,3349442.0,65710028,20.31,3.92,,,8425000.0,46560000,2.0,N,N,Y,Unmodified compliance; no federal findings (Child Nutrition cluster). Two Iowa statutory findings: IV-H-24 certified enrollment (repeat) and IV-I-24 supplementary weighting variance.,Y,Bohnsack & Frommelt LLP,2024-11-19,unmodified,High,$27180000 Series 2024 revenue bonds issued during year. Rev bonds = 3980+6025+9375+27180 = 46560000. GO bonds = 8425000 (Series 2018). Lease obligation $270577 + IT subscription $66497 = $337074. Capital additions = CIP increases $15847009 + depreciable increases $2974972 + land $938137 = $19760118. Cash = SNP total govl+BTA. SAVE = $7320316 per IV-M-24. OPEB = govl activities. Enrollment 5538 from statistical section. Solvency 20.31% matches district-reported 20.3%.,Pleasant Valley CSD,13544629.0,0.0,0.0,13359597.0,18705739.0,5556.8,,,,15757182.15,13544628.0,False,0.15278718682738615,0.20298262422514368,0.2242697396507377,,55.76732319199594,74.08865784217744,,359.4316345411553,0.0,,0.0,0.2803281116536102,0.03919505219559166,0.01588511843400174,0,0.0835348256766244,0.8571428571428571,0.8571428571428571,0.14285714285714285,False,False,False,False,False,False,False,False,False,0,Low,Low risk,74-day practical cushion; 0 risk flag(s)
5250,Pleasant Valley CSD,2025,71687829,69922416,16738808,11954774,3648794.0,52105974,22.45,2.46,,,6410000.0,42765000,1.0,N,N,Y,No federal single audit (format changed; no Part III - Single Audit section). One Iowa statutory finding II-H-25: certified enrollment variance (repeat). GASB 101 adopted changing net OPEB liability to total OPEB liability.,Y,Bohnsack & Frommelt LLP,2025-10-03,unmodified,High,Equipment note $315936 + Lease obligation $200266 + IT subscription $43910 = $560112 but equipment note is likely not GASB87/96 (it is a traditional note payable for equipment). GASB 87 lease = $200266 and GASB 96 SBITA = $43910 = $244176 combined. Rev bonds = 3215+4875+7595+27080 = 42765000. GO bonds = 6410000 (Series 2018). Capital additions = CIP increases $18340952 + depreciable $2051791 = $20392743. Cash = SNP total govl+BTA. SAVE = $7324934 per II-M-25. IPERS = pension liability $15755805 (govl); OPEB = total OPEB liability $5629612 (govl; GASB 101). Enrollment 5498 from statistical section. No single audit section in this year report (moved to different format).,,,,,,,,,,,,15603568.0,False,0.1709719812885184,0.22315544703146414,0.23939115604929898,,62.40477317030921,81.45173816648442,,271.9969016802852,,,,,0.024626397878501804,0.02212847859326153,0,,0.9285714285714286,,,False,False,False,False,False,False,False,False,False,0,Very low,Low risk,81-day practical cushion; 0 risk flag(s)
6795,Waterloo CSD,2020,136719805,138916971,18524155,15181795,1230992.0,72213761,12.51,-1.61,,,0.0,71043539,,,,,,Y,BerganKDV Ltd.,2020-11-03,unmodified,Medium,"Findings/single-audit not in this file (separately issued compliance report - 2020 text only references it); no GF GO bonds - all debt is SAVE revenue bonds; capital_additions = gross increases: depreciable $15,984,775 + CIP $3,075,561 + land $10,500 = $19,070,836; salaries_benefits not available by object in GF statement; go_debt_outstanding=0 (SAVE rev bonds only)",Waterloo CSD,16412786.0,1536350.0,11483138.0,27895924.0,20671512.0,10776.7,1372377.08,2104792.37,14187691.91,55682659.06999999,16412787.0,False,0.10928682716527126,0.118148177878137,0.1333469544192696,0.12802729538351365,39.88969191532401,43.12408492552,46.729962814982485,189.73940027097194,0.011059483869685008,0.13379182589288746,9946788.0,0.14880479937904778,-0.01607057587596764,,0,,0.4666666666666667,0.5333333333333333,0.26666666666666666,False,True,False,False,False,False,False,False,False,1,Moderate,Moderate risk,43-day practical cushion; 1 risk flag(s)
6795,Waterloo CSD,2021,152577513,142306382,29206917,26948864,1230992.0,95321722,19.18,6.73,,,0.0,88498539,2.0,Y,N,N,no federal award findings; enrollment count error (over by 2 students),Y,BerganKDV Ltd.,2021-11-09,unmodified,High,"Single audit included in file; material weakness = capital asset adjustment; Section IV enrollment finding counted; prior year finding (from 2020 compliance report) not visible; capital_additions = depreciable asset increases ($1,318,642) + CIP net increase ($15,448,245); SAVE rev bonds restated upward by $22.6M new issuance",Waterloo CSD,28179854.0,281396.0,281396.0,28461250.0,31302167.0,10865.5,1440238.86,3722701.95,23234373.13,81510640.14,28179856.0,False,0.18937213933244398,0.1980224330346618,0.20523968489340133,0.20814312361619874,69.12083085634205,72.27818805765156,75.97224011991254,244.48958677060597,0.001977395504300011,1.0,0.0,0.2199631988395292,0.06731746243628968,0.025623443280161022,0,,0.8,0.7333333333333333,0.26666666666666666,False,False,False,False,False,False,True,False,False,1,Low,Low risk,72-day practical cushion; 1 risk flag(s)
6795,Waterloo CSD,2022,158718768,152655437,35307511,31809926,1230992.0,88817068,21.59,3.82,,,0.0,82412539,1.0,N,N,Y,no federal award findings; enrollment count error (over by 3 students); prior year MW resolved,Y,BerganKDV Ltd.,2022-11-07,unmodified,High,"Single audit included in file; prior year MW (2021-001) resolved per Section V; Section II None; Section III None; Section IV enrollment finding = 1; repeat_finding=Y because enrollment error recurs from 2021; IPERS NPL dropped sharply due to actuarial assumption changes; capital_additions = gross increases depreciable $23,385,902 + CIP $18,745,136 = $42,131,038; total OPEB = governmental activities only ($11,851,309)",Waterloo CSD,33040919.0,0.0,0.0,30668370.0,37373187.0,10626.6,1178352.31,4865414.75,8774552.65,74115724.55,33040918.0,False,0.20837728825865534,0.2164411477856501,0.2312889189790207,0.22416018048541567,76.0577102144092,79.00101894176228,81.81846587717672,212.36210420726778,0.0,,0.0,0.24482054314252824,0.038201726717031974,0.02981620442578467,0,,0.8666666666666667,0.7333333333333333,0.16666666666666666,False,False,False,False,False,False,False,False,False,0,Very low,Low risk,79-day practical cushion; 0 risk flag(s)
6795,Waterloo CSD,2023,159792553,159641560,35547899,31718094,1230992.0,84214043,21.39,0.09,,,0.0,76396539,3.0,Y,N,N,no federal award findings; enrollment count error (over by 2.5 students); SAVE fund deficit $328974,Y,BerganKDV Ltd.,2023-11-22,unmodified,High,"Single audit included in file; Section II material weakness (retainage adjustment) = 1; Section IV enrollment finding IV-H and deficit fund IV-O = 2; total 3 findings; capital_additions = land $40,000 + CIP increases $17,193,929 + depreciable $2,674,617 = $19,908,546; GASB 96 adopted this year (SBITA); right-to-use $243,000 asset added; SBITA liability not separately listed in long-term debt table for FY2023 (appears in FY2024); repeat_finding=N (MW not same issue as 2021)",Waterloo CSD,3628095.0,2000000.0,28324630.0,31952725.0,39189469.0,10679.9,947634.35,3075302.76,-924058.37,64253153.220000006,32949086.0,False,0.19868318751082112,0.2063941620214686,0.2226732124141107,0.212330174861734,72.51936344144971,75.33386913783603,77.50051382453292,192.54463370941752,0.012528065999856178,0.07060992500166816,26324630.0,0.24548412706565884,0.0009449313948942288,0.03548804018273863,0,-0.008982341533122485,0.8,0.6666666666666666,0.3333333333333333,False,False,False,False,False,False,False,False,False,0,Very low,Low risk,75-day practical cushion; 0 risk flag(s)
6795,Waterloo CSD,2024,146750928,169465652,13495379,8285953,1230992.0,60459745,6.75,-15.48,,,0.0,71251539,,,,,separately issued compliance report - findings not in file,Y,BerganKDV Ltd.,2024-11-11,unmodified,High,"Single audit findings not in ACFR file (separately issued); SBITA payable $187,266 (finance software Aug 2023); capital_additions = land $2,079,864 + CIP $9,616,795 + depreciable $5,434,616 = $17,131,275; total OPEB = governmental activities $15,374,838 ($482,600 current + $14,892,238 non-current); NPL = governmental activities $45,778,099; enrollment from building table = 10,732; SAVE revenue from notes $14,059,279; GF revenue fell due to ESSER/ARP federal funds expiring",Waterloo CSD,9798586.0,11000000.0,24040883.0,33839469.0,24622094.0,10672.3,,,,15191941.36,9516945.0,False,0.048894586615109474,0.056158548282102615,0.07963489262119028,,17.84652411451496,20.497870122967456,,130.21993934794529,0.06490990870527556,0.4575539093135639,13040883.0,0.14529253397024666,-0.15478419325566378,-0.03854584504791252,1,-0.017781050112742232,0.07142857142857142,0.35714285714285715,0.6428571428571429,False,True,False,False,False,False,False,False,False,1,Moderate,Moderate risk,20-day practical cushion; 1 risk flag(s)
6795,Waterloo CSD,2025,152946677,173706041,-6803307,-8325333,0.0,129446271,-5.62,-13.57,,,0.0,153251539,,,,,separately issued compliance report - findings not in file,N,BerganKDV Ltd.,2025-11-14,unmodified,High,"GFOA cert not mentioned in 2025 ACFR (ASBO Certificate of Excellence cited instead); SBITA payable $100,633 remaining; GF total fund balance negative (-$6.8M); large bond issuance $87.22M in FY2025; revenue bonds jumped to $153.25M (major building campaign); capital_additions = land $88,500 + CIP $17,323,610 + depreciable $37,328,064 = $54,740,174; no GF Assigned balance; NPL = governmental activities $36,603,698; total OPEB governmental activities $15,054,240; solvency ratio negative - district in structural deficit",,,,,,,,,,,,-8325333.0,False,-0.04792771139145356,-0.04792771139145356,-0.03916563270243434,,-17.49361465788055,-17.49361465788055,,271.99911208039106,,,,,-0.1357294215682764,-0.09652289447634865,2,,0.07142857142857142,,,True,True,True,False,False,False,False,False,False,3,Very high,Very high risk,-17-day practical cushion; 3 risk flag(s)
6822,Waukee CSD,2020,122584934,123675598,17223150,16085853,0.0,171289828,13.71,-0.89,,,153765000.0,96885000,2.0,N,Y,N,No single audit findings; 2 IC significant deficiencies (2020-001 payroll seg of duties; 2020-002 receipts seg of duties),Y,Bohnsack & Frommelt LLP,2020-11-11,unmodified,High,GF Assigned=$0 (no assigned/committed line in 2020 GF balance sheet; only restricted $1137297 and unassigned). Solvency uses unassigned only. Capital additions = gross Note 5 governmental additions (CIP $68.2M + depreciable $22.9M). GO bonds face value $153.765M; revenue bonds face value $96.885M (SAVE bonds). IPERS NPL measured at June 30 2019 per note. Unrestricted NP for governmental activities only = ($22010656). Enrollment source: MD&A states 11701 for FY2019-20. salaries_benefits not presented by object in GF statements.,Waukee CSD,16085853.0,8656967.0,8656967.0,24742820.0,61312918.0,11197.6,4232974.62,21449607.16,65062085.37,148736110.54,16085853.0,False,0.13006488959932097,0.13006488959932097,0.13926069716679276,0.1642913230142619,47.473684703752156,47.473684703752156,59.966332900205586,505.522416960539,0.06999737328943419,1.0,0.0,0.495755985752339,-0.008897210810587865,,0,,0.6666666666666666,1.0,0.6666666666666666,False,True,False,False,False,False,True,False,False,2,Low,Low risk,47-day practical cushion; 2 risk flag(s)
6822,Waukee CSD,2021,133363511,132262434,18603050,13250404,3908600.0,196446921,13.43,0.83,,,222550000.0,89415000,0.0,N,N,Y,No single audit findings; no IC deficiencies reported,Y,Bohnsack & Frommelt LLP,2021-11-16,unmodified,High,GF Assigned=$3908600 per committed line on GF balance sheet (2021 adopted Committed classification). Solvency uses committed+unassigned. Capital additions = Note 5: CIP $68.9M + land $3.6M + depreciable $5.2M = $77.7M. GO bonds face value $222.550M (includes $84.29M Series 2020B issued Nov 2020; recorded in FY2021 LTD schedule beg balance). Revenue bonds face value $89.415M. IPERS NPL measured at June 30 2020. Unrestricted NP govtal activities = ($31587902). FY2020 sig deficiency 2020-001 and 2020-002 were to be corrected by FY2021 - status shown as corrected per next year CAP; repeat_finding=Y for enrollment finding IV-H-21 (repeat of IV-G-20).,Waukee CSD,13250403.0,13225645.0,13225645.0,26476048.0,66752578.0,11701.4,7817383.22,5953420.17,40700934.17,170219863.0,17159004.0,False,0.10018267167229056,0.12973452461943957,0.1406525604995293,0.18883961578992262,36.566675160386055,47.35310148609545,68.92645976332176,542.1276775006273,0.09999547566166822,1.0,0.0,0.5046979401573692,0.008256208851610092,-0.0003205009794888863,0,,0.3333333333333333,1.0,1.0,False,False,False,False,False,True,True,False,False,2,Low,Low risk,47-day practical cushion; 2 risk flag(s)
6822,Waukee CSD,2022,142894048,144288273,17180128,11101992,4601587.0,204223383,11.46,-0.98,,,267730000.0,83490000,1.0,N,N,Y,Federal single audit finding 2022-001: Child Nutrition Cluster indirect cost methodology (questioned costs $151885; not repeat); no IC deficiencies,Y,Bohnsack & Frommelt LLP,2022-12-05,unmodified,High,GF Assigned=$4601587 per committed line. Capital additions = Note 5: land $948902 + CIP $42738625 + depreciable $169036626 = $212724153 (very large due to new NW High School opening with $159.8M building additions transferred from CIP). GO bonds face value $267.730M. Revenue bonds face value $83.490M. Lease payable (GASB 87 equipment lease) = $279315 at June 30 2022; GASB 87 implemented this year with restatement. IPERS NPL dropped to $1426630 due to improved IPERS funding. Repeat finding = Y for enrollment variances (IV-H-22 repeat of IV-H-21). Report dated Dec 5 2022 (primary opinion); table of contents lists Dec 12 2022 - used Dec 5 per actual audit report signature page.,Waukee CSD,11253879.0,17675297.0,17675297.0,28929176.0,70887580.0,11994.7,9029989.72,6261594.7,30288038.86,178395931.04,15703579.0,False,0.07694313452625495,0.10883475609968664,0.1190680825461124,0.1714177334425508,28.08424410208306,39.72468597638562,62.567472706531035,516.61533709673,0.12249988604410006,1.0,0.0,0.4912913470105779,-0.00975705440159411,-0.003466018786857294,1,,0.13333333333333333,1.0,1.0,False,True,False,False,False,True,True,False,False,3,Moderate,Moderate risk,40-day practical cushion; 3 risk flag(s)
6822,Waukee CSD,2023,158721023,156425252,19331625,12663946,4979059.0,214618027,11.58,1.45,,,313995000.0,77275000,0.0,N,N,Y,No federal single audit findings; no IC deficiencies,Y,Bohnsack & Frommelt LLP,2023-11-27,unmodified,High,GF Assigned=$4979059 per committed line. Capital additions = Note 5: CIP $59385977 + depreciable $31227402 = $90613379. GO bonds face value $313.995M. Revenue bonds face value $77.275M. lease_sbita = equipment lease $142446 + IT subscription liability $69871 = $211917 at June 30 2023. IPERS NPL = $41747309 (measured at June 30 2022). Unrestricted NP = ($2743309). Repeat finding = Y for enrollment variances (IV-H-23 repeat of IV-H-22). SAVE revenue from CAR = $17166447.,Waukee CSD,12663947.0,18162975.0,18710475.0,31374422.0,72255899.0,12615.8,8170202.47,6002557.8,34795520.34,186430878.65,17643005.0,False,0.08095845036580156,0.11278872672041468,0.12358378684280463,0.16501943989196832,29.549834383517567,41.16788525295136,60.23209556056844,500.7860230584765,0.11611280639010893,0.9707383163709099,547500.0,0.46191965859834444,0.01446418978788966,0.004321114745968547,0,0.1266521397442308,0.26666666666666666,0.9333333333333333,1.0,False,False,False,False,False,True,True,False,False,2,Moderate,Moderate risk,41-day practical cushion; 2 risk flag(s)
6822,Waukee CSD,2024,176202591,167859342,27671884,20173838,5958793.0,153202159,15.44,4.74,,,297145000.0,70840000,0.0,N,N,Y,No federal single audit findings; no IC deficiencies (full Uniform Guidance audit conducted),Y,Bohnsack & Frommelt LLP,2024-11-19,unmodified,High,GF Assigned=$5958793 per committed line. Capital additions = Note 5: land $498361 + CIP $70125541 + depreciable $70943534 = $141567436. GO bonds face value $297.145M. Revenue bonds face value $70.840M. lease_sbita = IT subscription liability only $468058 (equipment lease paid off in FY2024; no GASB 96 SBITA separate). IPERS NPL = $49072954. Unrestricted NP govtal activities = $11315092 (positive for first time). OPEB switched to total OPEB liability presentation = $7098660. Repeat finding = Y for enrollment variances (IV-H-24 repeat). SAVE revenue = $17328444. Cash/investments = GF only $44544823 per balance sheet.,Waukee CSD,20173837.0,13463771.0,13463771.0,33637608.0,75703919.0,13153.9,,,,28875571.86,26132631.0,False,0.12018299225788696,0.15568171951966783,0.16485161725464167,,43.86679217412874,56.823827624678756,,333.12884090180694,0.08020864873877559,1.0,0.0,0.4509961620128357,0.04735031961022639,0.017352484998840647,0,0.12413044592954689,0.5714285714285714,1.0,0.8571428571428571,False,False,False,False,False,True,True,False,False,2,Low,Low risk,57-day practical cushion; 2 risk flag(s)
6822,Waukee CSD,2025,188235898,182018327,33976978,28198287,4437283.0,138226606,17.85,3.30,,,323690000.0,64155000,1.0,N,N,Y,No Uniform Guidance/Single Audit section in FY2025 report (no SEFA or major federal program compliance testing); one statutory finding II-A-25 (budget overexpenditure in support services $2937964),Y,Bohnsack & Frommelt LLP,2025-11-17,unmodified,High,GF Assigned=$4437283 per committed line. Capital additions = Note 5: land $13811170 + CIP $55083036 + depreciable $88143283 = $157037489. GO bonds face value $323.690M. Revenue bonds face value $64.155M. lease_sbita = IT subscription liability $378043 (GASB 96 SBITA). Equipment lease fully amortized and retired in FY2025. IPERS NPL = $40774255 (measured at June 30 2024). Unrestricted NP govtal activities = $23071290. OPEB total liability = $5339865. findings_count=1 (statutory budget finding only; no IC or federal). Repeat finding = Y for enrollment variances (II-H-25 repeat pattern). No single audit conducted in FY2025 (no SEFA or Uniform Guidance report in document). SAVE revenue = $18086486.,,,,,,,,,,,,32635570.0,False,0.1549200427493216,0.17929826374022215,0.18666789526089864,,56.54581560350239,65.44386626518109,,277.1847869473056,,,,,0.03303073997075733,0.0316150831229578,0,,0.7857142857142857,,,False,False,False,False,False,False,False,False,False,0,Low,Low risk,65-day practical cushion; 0 risk flag(s)
6957,West Des Moines CSD,2020,116944641,114446448,17864713,10924314,0.0,50465985,9.67,2.14,,,5245000.0,32465000,3.0,N,N,Y,Single audit; unmodified compliance; no federal findings (ESSER/Child Nutrition audited),Y,Bohnsack & Frommelt LLP,2020-11-23,unmodified,High,GF Assigned=0; Committed=$4598506 not included in solvency ratio; salary_benefit blank (not separately shown in GF statement); lease_sbita blank (GASB 87 not yet adopted FY2020); GO debt=Series 2016 capital loan notes principal $5245000 (fully paid May 2021); SAVE bonds=Series 2012+2013+2014 principal totaling $32465000; capital_additions=total gross additions to governmental capital assets per note (CIP $12111050+depreciable $10075709); repeat_finding=Y (IV-G-19 and IV-H-19 enrollment/weighting carried to IV-G-20 and IV-H-20; IV-A-19 budget also carried); cash_and_investments=total governmental funds balance sheet,West Des Moines CSD,10924314.0,11990240.0,11990240.0,22914554.0,16941252.0,8940.2,15911600.05,798336.49,6950126.62,42989445.13,10924314.0,False,0.095453499788827,0.095453499788827,0.15609670122745967,0.2344844642972231,34.84052742292185,34.84052742292185,85.58682946848644,160.94937717070957,0.10476725323969863,1.0,0.0,0.14802776578963814,0.021362184522846155,,0,,0.2,0.4666666666666667,1.0,False,False,False,False,False,True,True,False,False,2,Moderate,Moderate risk,35-day practical cushion; 2 risk flag(s)
6957,West Des Moines CSD,2021,125554087,121227543,21127008,13007006,0.0,101459291,10.71,3.45,,,49735000.0,30525000,2.0,N,N,Y,Single audit conducted; no IC or federal findings in findings schedule; 2 statutory findings only,Y,Bohnsack & Frommelt LLP,2021-11-18,unmodified,High,GF Assigned=0; Committed=$5189067 not in solvency; salary_benefit blank; lease_sbita blank (GASB 87 not yet adopted); GO debt=Series 2020A capital loan notes principal $49735000; SAVE bonds=Series 2012+2013+2014 principal ($10000000+$6065000+$14460000=$30525000); capital_additions=governmental activities (CIP additions $8662399+depreciable $9634315=$18296714; note: depreciable additions equal CIP retirements so net new spending primarily CIP); repeat_finding=Y (enrollment/weighting findings from 2020 carried to II-H-21 and II-I-21); cash_and_investments=fund balance sheet total ($101459291 cash + $7570467 restricted debt service=$109029758 but restricted listed separately; using non-restricted total),West Des Moines CSD,13007006.0,11512979.0,11512979.0,24519985.0,14537725.0,8989.1,11855740.31,1734177.01,60273731.3,96772603.14,13007006.0,False,0.10729414849231086,0.10729414849231086,0.17427564295351594,0.20509156330917308,39.162364199693464,39.162364199693464,74.85842060784817,305.4804238257967,0.09496999374143877,1.0,0.0,0.11992097373449201,0.03445960305537485,0.027910893789110502,0,,0.13333333333333333,0.3333333333333333,0.9333333333333333,False,False,False,False,False,True,True,False,False,2,Moderate,Moderate risk,39-day practical cushion; 2 risk flag(s)
6957,West Des Moines CSD,2022,129114481,121676880,28473332,20326637,0.0,86599618,16.27,5.76,,,45605000.0,27530000,3.0,N,N,Y,Single audit; unmodified compliance; no federal findings,Y,Bohnsack & Frommelt LLP,2022-11-30,unmodified,High,GF Assigned=0; Committed=$5266678 not in solvency; salary_benefit blank; GO debt=Series 2020A capital loan notes principal $45605000; SAVE bonds=Series 2012+2013+2014 principal ($9000000+$5470000+$13060000=$27530000); lease_sbita=GASB 87 equipment lease obligation $531690 (first year); capital_additions=governmental activities gross (CIP $31916216+depreciable $8749358=$40665574); repeat_finding=Y (enrollment/weighting findings recur); IPERS NPL dropped dramatically ($60M to $0.4M governmental) reflecting IPERS funded status improvement; cash_and_investments=total governmental fund balance sheet,West Des Moines CSD,20326638.0,4115320.0,4115320.0,24441958.0,15822957.0,8820.1,9773137.81,3732191.34,33657468.6,77600218.41,20326637.0,False,0.16705422591374794,0.16705422591374794,0.23400774247334416,0.2473746434819828,60.974792458517996,60.974792458517996,90.29174487092372,259.7770469624139,0.0338217087749127,1.0,0.0,0.13004078506943964,0.05760470043635152,0.037808829338190846,0,,0.4666666666666667,0.26666666666666666,0.6,False,False,False,False,False,False,True,False,False,1,Low,Low risk,61-day practical cushion; 1 risk flag(s)
6957,West Des Moines CSD,2023,132142293,128230859,32457077,24913216,0.0,57471149,19.48,2.96,,,41265000.0,24460000,3.0,N,N,Y,Single audit; unmodified compliance; no federal findings,Y,Bohnsack & Frommelt LLP,2023-11-29,unmodified,High,GF Assigned=0; Committed=$4269646 not in solvency; salary_benefit blank; GO debt=Series 2020A capital loan notes principal $41265000; SAVE bonds=Series 2012+2013+2014 principal ($7980000+$4860000+$11620000=$24460000); lease_sbita=equipment lease $361465+IT subscription $71024=$432489 (GASB 96 adopted); capital_additions=governmental activities gross (CIP $65095690+depreciable $8531710=$73627400; major CIP buildup for school construction); repeat_finding=Y (enrollment/weighting findings recur each year); cash_and_investments=fund statement total ($57471149 unrestricted + $7780630 restricted=$65251779; using unrestricted only),West Des Moines CSD,24913215.0,777179.0,777180.0,25690395.0,15289471.0,8774.5,10540214.68,5871925.57,-13672996.92,36777224.06,24913216.0,False,0.19428409194389004,0.19428409194389004,0.2531144004891989,0.27648126945792356,70.91369355951987,70.91369355951987,100.9156633521421,163.58752915318144,0.006060779800281927,0.9999987132967909,1.0,0.119233943523688,0.029600167449795958,0.0405548236471741,0,-0.01853426097850168,0.7333333333333333,0.26666666666666666,0.26666666666666666,False,False,False,False,False,False,True,False,False,1,Low,Low risk,71-day practical cushion; 1 risk flag(s)
6957,West Des Moines CSD,2024,127907219,133545565,27185382,19754866,0.0,80645565,15.98,-4.41,,,45745000.0,66795000,3.0,N,N,Y,Single audit; unmodified compliance; no federal findings,Y,Bohnsack & Frommelt LLP,2024-11-25,unmodified,High,GF Assigned=0; Committed=$5065213 not in solvency; salary_benefit blank; GO debt=Series 2020A $36710000+Series 2023 $9035000=$45745000; SAVE bonds=Series 2012 $6935000+Series 2013 $4230000+Series 2014 $10130000+Series 2023 $45500000=$66795000 (Series 2023 revenue bonds issued for major capital program); lease_sbita=equipment lease $184328+IT subscription $219526=$403854; capital_additions=governmental activities gross (CIP $20253971+depreciable $110150783=$130404754; major building completion transferred from CIP); repeat_finding=Y (enrollment/weighting recur); OPEB dropped from $17.1M to $5.4M due to actuarial assumption changes; cash_and_investments includes restricted $12299061,West Des Moines CSD,19754876.0,6996423.0,6996423.0,26751299.0,13944269.0,8678.6,,,,28145364.75,19754866.0,False,0.1479260355819379,0.1479260355819379,0.2035663408215765,,53.99300298740733,53.99300298740733,,220.41638915526698,0.05238978171981975,1.0,0.0,0.10441581493178002,-0.04408153069139905,0.014374445731582813,1,-0.03454183399895429,0.42857142857142855,0.07142857142857142,0.5714285714285714,False,True,False,True,True,False,True,False,False,4,Low,Moderate risk,54-day practical cushion; 4 risk flag(s)
6957,West Des Moines CSD,2025,125664099,132035909,21493000,13955432,0.0,75738641,11.42,-5.07,,,40105000.0,62550000,2.0,N,N,Y,Single audit; unmodified compliance; no federal findings,Y,Bohnsack & Frommelt LLP,2025-11-19,unmodified,High,GF Assigned=0; Committed=$5234258 not in solvency; salary_benefit blank; GO debt=Series 2020A $31925000+Series 2023 $8180000=$40105000; SAVE bonds=Series 2012 $5860000+Series 2013 $3580000+Series 2014 $8590000+Series 2023 $44520000=$62550000; lease_sbita=equipment lease $559348+IT subscription $613345=$1172693; capital_additions=governmental activities gross (CIP $4101586+depreciable $8982236=$13083822; post-construction wind-down year); repeat_finding=Y (enrollment/weighting findings recur all 6 years); report_date=November 19 2025 per auditor signature (November 30 is transmittal letter); AEA flow-through dropped $772k reflecting state AEA funding restructuring effective July 2024,,,,,,,,,,,,13955432.0,False,0.10569421686641321,0.10569421686641321,0.16278147484863378,,38.578389156240824,38.578389156240824,,209.37186083976596,,,,,-0.05070509438021754,-0.021728819207273542,2,,0.42857142857142855,,,False,True,True,False,False,False,False,False,False,2,Moderate,Moderate risk,39-day practical cushion; 2 risk flag(s)
